cameraid,old_cameraid,name,url,latitude,longitude,last_width,last_height,mhash
1,19,VT,http://www.hazecam.net/images/main/burlington_right.jpg,44.478739,-73.19164,500,250,1
2,64,Anthem school,http://wwc.instacam.com/instacamimg/PHNAS/PHNAS_l.jpg,33.2765,-112.1872,1280,720,2
4,73,College of the Canyons,http://wwc.instacam.com/instacamimg/CLLCN/CLLCN_l.jpg,34.4044820734014,-118.569055939865,1280,1024,4
5,75,Borrego Springs HS,http://wwc.instacam.com/instacamimg/BORYO/BORYO_l.jpg,33.2648176,-116.3834183,1280,720,5
8,108,KOAA News First Cams,http://wwc.instacam.com/instacamimg/KOAAT/KOAAT_l.jpg,38.2886723,-104.6237902,1280,720,8
10,120,Dolphins Stadium,http://wwc.instacam.com/instacamimg/PROPL/PROPL_l.jpg,25.9484,-80.2479,1280,720,10
11,124,Cypress Bay HS,http://wwc.instacam.com/instacamimg/WSTNN/WSTNN_l.jpg,26.0596,-80.4146,1280,720,11
13,161,WeatherBug Cam: Northern Illinois University,http://wwc.instacam.com/instacamimg/DLKLB/DLKLB_l.jpg,41.935416,-88.7710424,1280,720,13
15,165,Beecher ES,http://wwc.instacam.com/instacamimg/BCHRS/BCHRS_l.jpg,41.34059,-87.6214286,640,480,15
16,180,WSIL TV 3,http://wwc.instacam.com/instacamimg/WSILT/WSILT_l.jpg,37.7465856027811,-89.052629882209,1280,720,16
17,198,Western Intermediate School,http://wwc.instacam.com/instacamimg/RSSVL/RSSVL_l.jpg,40.436786195693,-86.2436611148834,640,480,17
18,203,Tri-County M - SHS,http://wwc.instacam.com/instacamimg/WLCTT/WLCTT_l.jpg,40.7265,-86.9894,1280,720,18
19,204,Indiana - Notre Dame Dome And Basilica,http://www.nd.edu/~webcam/domecam.jpg,41.7024946940213,-86.2378195221901,1280,720,19
20,205,Fort Scott MS,http://wwc.instacam.com/instacamimg/FRTSC/FRTSC_l.jpg,37.8216,-94.7147,640,480,20
21,207,WeatherBug Cam: Pittsburg Middle School,http://wwc.instacam.com/instacamimg/PTSBG/PTSBG_l.jpg,37.4194954,-94.7048337,640,480,21
22,210,WeatherBug Cam: Parsons High School,http://wwc.instacam.com/instacamimg/PARNS/PARNS_l.jpg,37.3321388,-95.2816702,640,480,22
23,251,WeatherBug Headquarters,http://wwc.instacam.com/instacamimg/AWSHQ/AWSHQ_l.jpg,39.2009241,-77.2630048,1280,720,23
24,257,St. Marys ES,http://wwc.instacam.com/instacamimg/ANNAS/ANNAS_l.jpg,38.9673,-76.6101,1280,720,24
25,259,Northern HS,http://wwc.instacam.com/instacamimg/ACDNT/ACDNT_l.jpg,39.5894,-79.2309,1280,720,25
26,260,Frostburg State University,http://wwc.instacam.com/instacamimg/FRSTB/FRSTB_l.jpg,39.6421,-78.9125,1280,720,26
27,263,Crestwood Middle School,http://wwc.instacam.com/instacamimg/FRDCM/FRDCM_l.jpg,39.3934893,-77.4229503,1280,720,27
29,267,Glenelg Country School,http://wwc.instacam.com/instacamimg/GLNLG/GLNLG_l.jpg,39.2597,-77.0126,640,480,29
30,269,The Greens,http://wwc.instacam.com/instacamimg/IJAMS/IJAMS_s.jpg,39.3078834358581,-110.83256040485,640,360,30
31,270,Middletown Valley,http://wwc.instacam.com/instacamimg/MIDTN/MIDTN_l.jpg,39.4309346,-77.5452658,1280,720,31
32,271,Summit Ridge,http://wwc.instacam.com/instacamimg/MTAIR/MTAIR_l.jpg,39.4072,-77.214,1280,720,32
33,273,Cecil Community College,http://wwc.instacam.com/instacamimg/NRTHU/NRTHU_l.jpg,39.5351,-75.894,1280,720,33
34,280,Montcalm Area ISD (WILX TV 10 WeatherNet),http://wwc.instacam.com/instacamimg/STNTN/STNTN_l.jpg,43.2893,-85.0595,1280,720,34
36,319,Cardinal Gibbons HS,http://wwc.instacam.com/instacamimg/RALGH/RALGH_l.jpg,35.8028563343022,-78.7287306595131,1280,720,36
37,325,University of N Carolina at Charlotte,http://wwc.instacam.com/instacamimg/CHRLG/CHRLG_l.jpg,35.3076851551042,-80.7343507976206,1280,720,37
38,338,Harrison Weather Center,http://wwc.instacam.com/instacamimg/HRSSN/HRSSN_l.jpg,38.8978201078982,-94.7562450439,640,480,38
39,367,Vineland HS North,http://wwc.instacam.com/instacamimg/VINBE/VINBE_l.jpg,39.4655,-74.9652,1280,720,39
41,387,Virgin Valley HS,http://wwc.instacam.com/instacamimg/MSQUT/MSQUT_l.jpg,36.4374,-114.7288,1280,720,41
42,390,Pahrump Valley HS,http://wwc.instacam.com/instacamimg/PHRMP/PHRMP_l.jpg,36.2424,-116.1606,1280,720,42
43,398,Red Rock Visitor Center,http://wwc.instacam.com/instacamimg/LSVRR/LSVRR_l.jpg,36.168,-115.3691,1280,720,43
44,428,Monroe Woodbury Computer Center,http://wwc.instacam.com/instacamimg/HRRMN/HRRMN_l.jpg,41.3005,-74.1249,1280,1024,44
46,444,Hampton Bays ES,http://wwc.instacam.com/instacamimg/HAMPT/HAMPT_l.jpg,40.9223,-72.637,640,480,46
51,505,Frenchglen ES,http://wwc.instacam.com/instacamimg/FRNCH/FRNCH_l.jpg,43.562,-119.0786,640,480,51
52,513,Mount Pleasant Jr Sr HS,http://wwc.instacam.com/instacamimg/MNTPL/MNTPL_l.jpg,40.2022,-79.6099,1280,720,52
53,515,Punxsutawney Weather Discovery Center,http://wwc.instacam.com/instacamimg/PNXST/PNXST_l.jpg,40.9445,-78.9798,640,480,53
54,520,Bradford Area SD,http://wwc.instacam.com/instacamimg/BRDFD/BRDFD_l.jpg,41.8623,-78.6373,640,480,54
55,521,West Perry SD,http://wwc.instacam.com/instacamimg/LYSVL/LYSVL_l.jpg,40.4068,-77.2925,1280,800,55
57,529,Mifflinburg ASD,http://wwc.instacam.com/instacamimg/MFFLN/MFFLN_l.jpg,40.9478,-77.011,640,480,57
58,536,College Misericordia,http://wwc.instacam.com/instacamimg/DALLS/DALLS_l.jpg,41.2711,-75.9996,1280,720,58
60,571,Deadwood Elks Lodge 508,http://wwc.instacam.com/instacamimg/DEDWD/DEDWD_l.jpg,44.3648,-103.7357,1280,720,60
61,573,Pine Ridge Hospital,http://wwc.instacam.com/instacamimg/PNRDG/PNRDG_l.jpg,43.0243,-102.5352,1280,720,61
62,574,Spearfish HS,http://wwc.instacam.com/instacamimg/SPRFH/SPRFH_l.jpg,44.5004376976028,-103.861985457147,640,480,62
64,578,Adventure Science Center,http://wwc.instacam.com/instacamimg/NSHV1/NSHV1_l.jpg,36.1468274447837,-86.7753335349529,1280,720,64
65,581,WTVC-TV,http://wwc.instacam.com/instacamimg/WTVCT/WTVCT_l.jpg,35.0673,-85.25,640,480,65
66,597,The Lamplighter School,http://wwc.instacam.com/instacamimg/LAMPL/LAMPL_l.jpg,32.7673,-96.7776,640,480,66
68,602,Jesuit College Prep School,http://wwc.instacam.com/instacamimg/DLSL1/DLSL1_l.jpg,32.7673,-96.7776,1280,720,68
69,613,Camp Sweeney,http://wwc.instacam.com/instacamimg/WHTSB/WHTSB_l.jpg,33.7020837,-96.9954671,1280,720,69
70,623,"'Moody Gardens, Inc.'",http://wwc.instacam.com/instacamimg/GLVST/GLVST_l.jpg,37.4274582925302,-113.00382503018,1280,720,70
71,627,KAVU-TV,http://wwc.instacam.com/instacamimg/KAVUT/KAVUT_l.jpg,28.7774,-97.0266,640,480,71
73,654,Zion Canyon Theatre,http://wwc.instacam.com/instacamimg/ZPRNG/ZPRNG_l.jpg,0,0,1280,720,73
74,657,Bull Run ES,http://wwc.instacam.com/instacamimg/BULRN/BULRN_l.jpg,38.8195,-77.4557,1280,720,74
76,669,Shenandoah National Park,http://wwc.instacam.com/instacamimg/LRAY1/LRAY1_l.jpg,38.646,-78.4812,1280,720,76
77,684,WDBJ,http://wwc.instacam.com/instacamimg/RNKCS/RNKCS_l.jpg,37.2979,-79.9877,1280,720,77
78,686,Auburn Middle School,http://wwc.instacam.com/instacamimg/RNRMS/RNRMS_l.jpg,37.0579,-80.4363,1280,720,78
79,688,WCYB-TV5,http://wwc.instacam.com/instacamimg/WCYBT/WCYBT_l.jpg,36.6138,-82.1762,640,480,79
80,695,Institute For Advanced Learning and Research,http://wwc.instacam.com/instacamimg/DNVAL/DNVAL_l.jpg,36.6035,-79.3762,640,480,80
82,707,Wishkah Valley School,http://wwc.instacam.com/instacamimg/ABEDN/ABEDN_l.jpg,47.117572487344,-123.771196192551,640,480,82
83,790,GOES Western US SECTOR Visible Image,http://www.goes.noaa.gov/GIFS/WCVS.JPG,52.74959372,-155.5664063,640,480,83
86,864,"'Viseu, Portugal'",http://abss.no-ip.info/viseu.jpg,40.6565861,-7.91247120000003,352,288,86
87,894,Granite Island Light Station Cam 9 (ptz),http://www.graniteisland.com/webcams/cam1_axiscam9.jpg,46.719,-87.407,352,240,87
88,909,Eternal Sunset,http://summerhome.com/baycam/image.jpg,41.868663,-70.008607,704,480,88
89,1022,Alaska DMV cam,https://online.dmv.alaska.gov/DMVWebCams/Bensons/benson.jpg,61.1931992608984,-149.907439588068,640,480,89
90,1047,"Forsyth County-Greensboro-Winston Salem-High Point, NC",http://forsyth.cc/EAP/Images/hazecam/NC_1.JPG,53.5534079127236,9.99741664531252,480,360,90
92,1077,,http://wc2.dartmouth.edu/jpg/image.jpg,43.7055592,-72.2888455,640,480,92
93,1092,,http://148.61.151.202/jpg/image.jpg,-27.0833103161573,27.4380982961839,640,480,93
94,1093,,http://148.61.49.119/jpg/image.jpg,37.4129332,-4.49610080000002,640,480,94
95,1193,,http://131.188.69.22/jpg/image.jpg?videos=one,56.3863622764627,-94.3173778259,800,500,95
96,1217,,http://195.113.207.238/jpg/image.jpg,49.6063946548523,15.5788979362458,640,480,96
97,1227,,http://85.199.1.130/jpg/image.jpg,41.7019520096804,44.8180950982971,704,576,97
98,1284,,http://148.61.49.118/jpg/image.jpg,42.778702,-86.074992,640,480,98
99,1306,,http://webcam-2.hartford.edu/jpg/image.jpg,41.7970568,-72.7200366,640,480,99
102,1361,,http://gallerycam.ucsd.edu/jpg/image.jpg,32.8826707,-117.2351222,704,480,102
103,1363,,http://webcam01.ecn.purdue.edu/jpg/image.jpg,32.8779104,-117.2068,640,480,103
104,1366,,http://webcam5.bowdoin.edu:4200/jpg/image.jpg,43.9067324,-69.9637933,1920,1080,104
105,1378,,http://flightcam1.pr.erau.edu/jpg/image.jpg,34.6167306,-112.4497282,1920,1080,105
107,1451,,https://images.webcams.travel/original/1220423291.jpg,58.3800548,26.7225267,400,224,107
108,1566,,http://150.214.222.100/jpg/image.jpg?imagepath=/mpeg4/video.sdp,40.5049098700011,-4.30458935838999,1280,960,108
110,1598,,http://webcam.gordon.edu/jpg/image.jpg,0,0,480,270,110
111,1599,,http://lioncam1.lmu.edu/jpg/image.jpg,39.9724829814414,-105.357062933984,1920,1080,111
112,1612,http://hncam1.hn.psu.edu/axis-cgi/jpg/image.cgi?resolution=320x240,http://hncam1.hn.psu.edu/axis-cgi/jpg/image.cgi?resolution=640x480,-34.6625849972,-58.364881741,640,480,112
113,1641,,http://www.bartboos.com/image.jpg,0,0,768,432,113
114,1677,,http://rachleff.org/axis-cgi/jpg/image.cgi?camera=1&amp,0,0,-121,328,114
126,2002,I-90 Rocky Canyon,http://images.wsdot.wa.gov/rweather/rocky_medium.jpg,47.089,-120.743,320,261,126
149,2033,3rd / Washington,http://images.wsdot.wa.gov/spokane/i90/cctv029.jpg,47.653496,-117.417976,352,280,149
156,2040,I-82 Outlook,http://images.wsdot.wa.gov/rweather/Medium_Outlook.jpg,46.33,-120.094,320,253,156
160,2045,I-82 Union Gap,http://images.wsdot.wa.gov/rweather/Medium_uniongap.jpg,46.539,-120.471,320,253,160
161,2048,I-82 Manastash Ridge Summit,http://images.wsdot.wa.gov/rweather/UMRidge_medium.jpg,46.881,-120.425,320,261,161
166,2063,Hwy2 Winton Road,http://images.wsdot.wa.gov/rweather/winton.jpg,47.736,-120.739,320,239,166
167,2067,YakimaCountyLine US 97 @ MP 34,http://images.wsdot.wa.gov/rweather/Medium_Us97@YakimaCountyLine.jpg,46.039673,-120.577138,320,250,167
168,2069,Delaney on US 12 @ MP 381.3,http://images.wsdot.wa.gov/rweather/Medium_Delaney@us12.jpg,46.494089,-117.967967,320,261,168
169,2072,Queets on SR 101 @ MP 151.7,http://images.wsdot.wa.gov/rweather/Medium_Queets.jpg,47.534343,-124.335867,352,261,169
179,2088,Uniontown,http://images.wsdot.wa.gov/rweather/Medium_Uniontown2.jpg,46.547,-117.095,320,239,179
185,2094,Colfax US195,http://images.wsdot.wa.gov/spokane/sr195/colfax.jpg,46.885,-117.364,640,520,185
206,2191,La Push WA,http://webcam.forkswa.com/webcam1/netcam.jpg,47.9054293249054,-124.634195531738,800,600,206
209,19580,La Push WA,http://webcam.forkswa.com/webcam1/netcam.jpg,47.9054293249054,-124.634195531738,800,600,206
210,2201,Morton,http://home.lewiscounty.com/~mortonwebcam/fullsize.jpg,46.546842,-122.264573,320,240,209
227,2203,,http://www.tripcheck.com/RoadCams/cams/CapeCove_pid618.jpg?0.9729578,0,0,328,295,210
234,2232,,http://www.tripcheck.com/RoadCams/cams/US20atTombstone_pid1354.jpg?0.8276483,0,0,328,314,227
240,2251,,http://www.tripcheck.com/RoadCams/cams/I-5atExit6_pid625.jpg?6.846255E-02,0,0,328,314,234
296,2269,,http://www.tripcheck.com/RoadCams/cams/BlyMtn_pid606.jpg?0.9504053,0,0,328,314,240
310,2335,,http://www.tripcheck.com/RoadCams/cams/i84metro_pid588.jpg?0.4401819,0,0,328,295,296
335,2349,,http://www.tripcheck.com/RoadCams/cams/i205pres_pid542.jpg?9.533328E-02,0,0,328,295,310
336,2378,Alpowa Summit,http://images.wsdot.wa.gov/rweather/alpowa_medium.jpg,46.435,-117.424,320,253,335
337,2385,"Smiths Ferry - SH-55, M.P. 97.2",http://birice.vaisala.com/photos/02A771B8_06E40F64_cam1.jpg,44.30111,-116.08912,640,480,336
338,2386,"Cakdwll - I-84, M.P. 27.6",http://birice.vaisala.com/photos/0338E1B4_0642075C_cam1.jpg,43.6706,-116.67774,640,480,337
340,2389,Elk City NW,http://birice.vaisala.com/photos/03814485_066AB299_cam1.jpg,45.8249,-115.4446,640,480,338
341,2392,Veterans Memorial Bridge,http://birice.vaisala.com/photos/02D714D0_F90B0DB1_CAM1.jpg,47.649,-116.715,640,480,340
342,2394,"Willow Creek Summit - US-93, M.P. 138.7",http://birice.vaisala.com/photos/02DA39EF_05C41D33_cam1.jpg,44.23082,-113.97541,640,480,341
343,2396,"Smiley Creek Airport SH-75, M.P. 165",http://birice.vaisala.com/photos/03778B5F_06013F28_cam2.jpg,43.91301,-114.796526,1280,720,342
344,2398,"Flying-Wye - I-84, M.P. 49",http://birice.vaisala.com/photos/0322B49F_06ABF228_cam1.jpg,43.57524,-116.24349,640,480,343
345,2399,"Black Canyon - I-84, M.P. 13",http://birice.vaisala.com/photos/036CB198_0623C0B5_cam1.jpg,43.86522,-116.77696,640,480,344
346,2400,,http://birice.vaisala.com/photos/03117579_06027467_cam1.jpg,42.5678120193795,-113.760223468127,640,480,345
349,2402,"Rogerson - US-93, M.P. 17",http://birice.vaisala.com/photos/02B7A3C4_06BA7ADC_cam2.jpg,42.214494,-114.594378,1280,720,346
350,2407,,http://birice.vaisala.com/photos/03609136_06043373_cam1.jpg,42.8899620230447,-112.62490857002,640,480,349
351,2408,"Botts - SH-33, M.P. 120.3",http://birice.vaisala.com/photos/036F71CE_0641440C_cam1.jpg,43.87815,-111.3629,640,480,350
358,2409,,http://birice.vaisala.com/photos/02DCE69D_0667CC69_cam1.jpg,0,0,640,480,351
360,2419,"Boulder Summit - US-30, M.P. 452",http://birice.vaisala.com/photos/02864822_0699DE56_cam1.jpg,42.209717,-111.109092,640,480,358
395,2421,"Malad Summit - I-15, M.P. 24",http://birice.vaisala.com/photos/02D83004_06732CB0_cam1.jpg,42.34279,-112.22735,640,480,360
440,2461,I-15 NB @ 500 W / US-89 / MP 318.1,http://www.commuterlink.utah.gov/1_devices/aux5131.jpeg,40.1611526384164,-76.2943309146207,320,240,395
451,2509,I-15 NB @ 1100 S / MP 306.53,http://www.commuterlink.utah.gov/1_devices/aux112.jpeg,40.746844,-111.901307,320,240,440
463,2521,I-215 W NB @ California Ave. / 1330 S / MP 20.6,http://www.commuterlink.utah.gov/1_devices/aux37.jpeg,39.4641744724,-116.5156955,320,240,451
478,2535,5600 W / SR-172 @ 3500 S / SR-171,http://www.commuterlink.utah.gov/1_devices/aux288.jpeg,40.696646,-112.025074,320,240,463
482,2553,I-215 W NB @ 3500 S / SR-171 / MP 17.58,http://www.commuterlink.utah.gov/1_devices/aux31.jpeg,40.698177,-111.949276,320,240,478
503,2557,Constitution Blvd. / 2700 W @ 3100 S,http://www.commuterlink.utah.gov/1_devices/aux175.jpeg,40.703931,-111.95881,320,240,482
505,2580,I-80 @ 2000 E / MP 126.2,http://www.commuterlink.utah.gov/1_devices/aux60.jpeg,40.713392,-111.832132,320,240,503
509,2582,I-80 EB @ Mouth of Parley`s Canyon / MP 128.23,http://www.commuterlink.utah.gov/1_devices/aux67.jpeg,40.709201,-111.79682,320,240,505
513,2587,I-80 / Parley`s Canyon EB @ Exit 130 to SB I-215 E / MP 128.5,http://www.commuterlink.utah.gov/1_devices/aux68.jpeg,40.710867,-111.791208,320,240,509
519,2591,I-80 / Parley`s Canyon WB @ Lamb`s Canyon Rd. Exit Ramp / MP 136.45,http://www.commuterlink.utah.gov/1_devices/aux163.jpeg,40.742937,-111.664414,320,240,513
535,2597,I-80 / Parley`s Canyon WB @ East Canyon / SR-65 Entrance Ramp / MP 133.61,http://www.commuterlink.utah.gov/1_devices/aux157.jpeg,40.753272,-111.715699,320,240,519
580,2613,I-215 E NB @ Parley`s Canyon / 2900 S / MP 1.3,http://www.commuterlink.utah.gov/1_devices/aux148.jpeg,40.707641,-111.792559,320,240,535
647,2666,I-80 / Parley`s Canyon EB @ Milepost 136.95,http://www.commuterlink.utah.gov/1_devices/aux164.jpeg,40.741377,-111.653871,320,240,580
648,2749,Wyo Hill,http://www.wyoroad.info/highway/webcameras/I25WyoHill/I25WyoHillSouth.jpg,41.047461,-104.8901,1280,720,647
649,2750,"Wyo Hill S, N",http://www.wyoroad.info/highway/webcameras/I25WyoHill/I25WyoHillNorth.jpg,41.047353,-104.889687,1280,720,648
652,2751,Cheyenne South POE,http://www.wyoroad.info/highway/webcameras/I25CheyennePOE/I25CheyennePOE.jpg,41.07868,-104.856018,704,480,649
658,2754,,http://www.wyoroad.info/highway/webcameras/I25Whitaker/RoadSurface.jpg,0,0,1280,720,652
663,2760,900 E Center St - Provo,http://www.commuterlink.utah.gov/1_devices/aux14276.jpeg,40.233958,-111.643235,320,240,658
666,2768,"Casper W, Mountain",http://www.wyoroad.info/highway/webcameras/I25Casper/I25CasperMountain.jpg,42.857127,-106.297772,1280,720,663
668,2771,"Bordeaux N, S",http://www.wyoroad.info/highway/webcameras/I25Bordeaux/I25BordeauxSouth.jpg,41.930778,-104.943591,704,576,666
673,2774,"Creston Junction I80 W, Gate, E",http://www.wyoroad.info/highway/webcameras/I80CrestonJct/I80CrestonJctEast.jpg,41.729371,-107.724102,1280,720,668
675,2779,Tavern,http://www.wyoroad.info/highway/webcameras/I80SummitTavern/I80TavernWest.jpg,41.188818,-105.423818,704,480,673
678,2781,Harriman,http://www.wyoroad.info/highway/webcameras/I80Harriman/I80HarrimanWest.jpg,41.098697,-105.1589,704,480,675
683,2784,,http://www.wyoroad.info/highway/webcameras/I80Roundtop/I80RoundtopGate.jpg,0,0,1280,720,678
684,2791,Laramie East,http://www.wyoroad.info/highway/webcameras/I80Laramie/I80LaramieEast.jpg,41.28597,-105.522001,704,480,683
685,2792,,http://www.wyoroad.info/highway/webcameras/I90PineyCreek/I90PineyCreekSBridge.jpg,0,0,1280,720,684
689,2793,Sheridan,http://www.wyoroad.info/highway/webcameras/I90Sheridan/I90Sheridan.jpg,44.772951,-106.936128,704,480,685
695,2799,Lander US287,http://www.wyoroad.info/highway/webcameras/US287Lander/US287Lander.jpg,42.830277,-108.722928,704,480,689
696,2805,"Vedauwoo W, E, Rocks",http://www.wyoroad.info/highway/webcameras/I80Vedauwoo/I80Vedauwoo.jpg,41.146214,-105.382149,1280,720,695
697,2806,,http://www.wyoroad.info/highway/webcameras/I80Vedauwoo/I80VedauwooEast.jpg,0,0,1280,720,696
700,2807,Vedauwoo,http://www.wyoroad.info/highway/webcameras/I80Vedauwoo/I80VedauwooWest.jpg,41.146243,-105.381979,1280,720,697
701,2811,Teton Pass,http://www.wyoroad.info/highway/webcameras/Wyo22TetonPass/Wyo22TetonPassWest.jpg,43.498733,-110.956196,704,480,700
702,2812,WYO 22 Teton Pass mp 11.2 - W and E,http://www.wyoroad.info/highway/webcameras/WYO22TetonPass/WYO22TetonPassEast.jpg,43.497424,-110.955211,704,480,701
703,2813,View of Jackson Hole Valley to the East,http://www.wyoroad.info/highway/webcameras/WYO22TetonPass/WYO22TetonPassValley.jpg,43.492213,-110.916688,704,480,702
704,2816,"Belle Fouche WYO59 S, N",http://www.wyoroad.info/highway/webcameras/WYO59BelleFourche/WYO59BelleFourcheNorth.jpg,43.930912,-105.446593,704,480,703
705,2817,Louis Lake,http://www.wyoroad.info/highway/webcameras/Wyo28SouthPass/Wyo28LouisLakeWest.jpg,42.507244,-108.789062,800,450,704
706,2818,"Louis Lake WYO28 W, Parking",http://www.wyoroad.info/highway/webcameras/Wyo28SouthPass/WYO28LouisLakeParking.jpg,42.505814,-108.788313,800,450,705
707,2823,Cheyenne River,http://www.wyoroad.info/highway/webcameras/Wyo59CheyenneRiver/Wyo59CheyenneRiver.jpg,43.311463,-105.350025,704,480,706
708,2824,Frannie POE,http://www.wyoroad.info/highway/webcameras/US310FranniePOE/US310FranniePOE.jpg,44.962316,-108.623721,704,480,707
711,2825,"Pumpkin Vine SE, NW, Comanche Peak",http://www.wyoroad.info/highway/webcameras/US287PumpkinVine/US287PumpkinVineComanchePeak.jpg,41.051949,-105.468876,1280,720,708
748,2833,"South Pass W, E",http://www.wyoroad.info/highway/webcameras/Wyo28SouthPass/Wyo28NewSouthPassEast.jpg,42.477025,-108.844136,704,480,711
750,3297,Mt.Washington Van.Is. BC,http://www.milehigh.ca/milehigh_netcam/large.jpg,49.7522678667,-125.296347435,550,412,748
753,3310,Mountainbase Live Netcam (Sierras),http://www.mountainbase.com/Webcam/cam.jpg,35.1321877,-118.4489739,640,480,750
756,3419,,http://webcam01.ecn.purdue.edu/axis-cgi/jpg/image.cgi?resolution=640x480&amp,0,40.4291320619522,323,640,753
757,3519,,http://sciencecentercam.fas.harvard.edu/axis-cgi/jpg/image.cgi?camera=1&amp,0,1155310940187,-71,328,756
758,3596,,http://sciencecentercam.fas.harvard.edu/axis-cgi/jpg/image.cgi?camera=1&amp,0,1155310940187,-71,328,756
759,3553,,http://grovecam.iup.edu/axis-cgi/jpg/image.cgi,40.6135171,-79.1619081,320,240,757
761,3561,,http://85.199.1.130/axis-cgi/jpg/image.cgi?showlength=1,0,0,704,576,758
762,3519,,http://sciencecentercam.fas.harvard.edu/axis-cgi/jpg/image.cgi?camera=1&amp,0,44.693427202262,328,704,759
763,3596,,http://sciencecentercam.fas.harvard.edu/axis-cgi/jpg/image.cgi?camera=1&amp,0,44.693427202262,328,704,759
764,3790,,http://www.webcamticino.ch/mobotix/klein06.jpg,0,0,160,120,761
766,3791,,http://www.kapstadt.de/webcam.jpg,-33.9248685,18.4240553,1000,750,762
767,8451,,http://www.kapstadt.de/webcam.jpg,-33.9248685,18.4240553,1000,750,762
768,3807,,http://www.webcamticino.ch/mobotix/current.jpg,0,0,640,480,763
769,3815,,http://www.arolla.com/pigne/pignex.jpg,46.0215,7.48164,1280,960,764
770,3909,,http://www.helios-hotels.com/frontline.jpg,39.6952629,3.01757120000002,1280,720,766
771,3913,,http://www.mardelplatawebcam.com.ar/img/webcam_plaza_colon.jpg,-38.0062367,-57.54517,505,379,767
772,3917,,http://weather.cs.uit.no/wcam0_snapshots/wcam0_latest_small.jpg,0,0,640,360,768
773,4112,,http://common.snow.com/mtncams/horseshoebowl.jpg,0,0,640,480,769
774,4113,Mountain Cams,http://common.snow.com/Mtncams/peak8vista.jpg,39.4730877,-106.0851657,1280,720,770
775,15953,Mountain Cams,http://common.snow.com/Mtncams/peak8vista.jpg,39.4730877,-106.0851657,1280,720,770
776,4114,,http://common.snow.com/Mtncams/brecksnowcam.jpg,0,0,640,480,771
777,4118,,http://common.snow.com/mtncams/riverrun.jpg,39.6066125,-105.9450159,1280,720,772
778,4122,,http://common.snow.com/Mtncams/bc_phq.jpg,39.634907,-106.525614,1280,720,773
779,4123,,http://common.snow.com/Mtncams/redtail.jpg,0,0,1280,720,774
780,4124,,http://common.snow.com/mtncams/bc_icerink.jpg,39.6046128,-106.517161,640,480,775
781,4125,Beaver Creek,http://common.snow.com/Mtncams/spruce_saddle.jpg,39.5767841,-106.5243387,1280,720,776
782,4127,,http://common.snow.com/Mtncams/buffalos.jpg,0,0,640,360,777
784,4129,,http://common.snow.com/Mtncams/twoelk.jpg,39.5997082,-106.32975,640,360,778
787,4130,Vail Ski Resort Mountain Cams,http://common.snow.com/Mtncams/wildwood.jpg,39.641265,-106.374988,640,360,779
788,4181,UA East Mall,http://wyant.optics.arizona.edu/webcam32.jpg,46.7534229991421,109.391194294322,640,480,780
789,4188,Longyearbyen - west,http://www.svein-nordahl.com/02-gruvedalen.jpg,78.222404,15.6480943,800,400,781
791,4218,Lavik,http://fjordcam.nedernorge.net/webcam.jpg,61.1055297852,5.50733041763,853,480,782
792,4297,Piazza Castello - Turin,http://www.regione.piemonte.it/webcam/im/fc_alfiere.jpg,45.0715298547,7.68465103373,352,288,784
795,4390,,http://www.supermeteo.com/supersano2.jpg,0,0,640,480,787
797,4391,,http://www.supermeteo.com/supersano1.jpg,0,0,640,480,788
798,4401,,http://www.hotelcalabona.com/webcam/alghero.jpg,0,0,640,480,789
800,4433,,http://www.arolla.com/mt-collon/mtcollon.jpg?1174755254421,46.0239625,7.479144,1280,960,791
801,4442,,http://www.fossombronemeteo.it/webcam1/webcam.jpg,0,0,1024,768,792
806,4600,,http://yar.oiccam.com/ftp/capcom/pducla/image.jpg,0,0,400,273,795
807,4715,,http://wwc.instacam.com/instacamimg/FTOMY/FTOMY_l.jpg,26.4504766158042,-81.9373680880587,1280,720,797
809,4763,,http://wwc.instacam.com/instacamimg/FTOMY/FTOMY_l.jpg,26.4504766158042,-81.9373680880587,1280,720,797
810,4731,,http://80.66.4.2/record/current.jpg?rand=3918652,51.7174037001463,8.753214786768,640,480,798
811,4715,,http://wwc.instacam.com/instacamimg/FTOMY/FTOMY_l.jpg,26.449581,-81.9469566,1280,720,800
812,4763,,http://wwc.instacam.com/instacamimg/FTOMY/FTOMY_l.jpg,26.449581,-81.9469566,1280,720,800
813,4794,,http://www.erfurt.de/webcam/domplatz.jpg,0,0,640,480,801
814,4837,,http://www.oldforge.net/webcam.jpg,43.7100885,-74.9734809,640,480,806
815,4936,,http://www.les7laux.com/~webcam/webcam3.jpg,45.2564689456449,5.99448883293631,640,480,807
817,4938,,http://www.les7laux.com/~webcam/webcam2.jpg,45.2472392908777,6.01866894720557,640,480,809
820,4949,,http://www.netikka.net/hans.bjorknas/image.jpg,63.096714148026,21.6081443078736,320,240,810
821,4952,Elko Nevada Weather,http://www.nvwx.com/nvwxcam.jpg,40.8324211,-115.7631232,864,486,811
823,4958,,http://www.trinum.com/ibox/champagny/Images/BouquetinSmall.jpg,44.1642603965,4.28361499406,320,240,812
824,5023,,http://www.solitour.info/coronadobeach.jpg,0,0,640,480,813
826,5025,,http://www.elektro-wagner.com/webcam/rathaus.jpg,50.3030932112,8.57084968466,1280,960,814
828,5046,,http://mardelplatawebcam.com.ar/img/webcam_plaza_colon.jpg,-37.9798584,-57.5897942,505,379,815
829,5161,"St. John&#39;s, the Narrows and the Harbour from Signal Hill",http://www.ntv.ca/cams/skycam1.jpg,0,0,640,480,817
830,5301,,http://www.jesner-edv.at/losm/bild2.jpg,0,0,640,480,820
831,5302,,http://www.jesner-edv.at/losm/bild1.jpg,0,0,640,480,821
832,5381,,http://khory.sumava.net/cam-mr/kh1/image.jpg,49.143900346,13.5553374196,1280,960,823
834,5403,Kampenhout,http://www.skystef.be/Kampenhout.jpg,50.94209,4.54980999999998,640,480,824
835,5444,,http://windisgood.com/Webcams/Cookcam.jpg,48.408513,-123.362018,800,450,826
836,5512,Hudson River Pier Cam,http://www.erikthered.com/cam/reshcam_current.jpg,40.7360108,-74.0279374,640,480,828
837,5607,,http://www.scheveningenlive.nl/cam_1.jpg,52.1073543380129,4.27210331974677,800,500,829
838,5636,,http://www.helios-hotels.com/jardin_hel.jpg,0,0,2048,1536,830
839,5644,,http://www.avendano.org/cam.jpg?1113765086671,40.4793697642,-3.67085566015,1920,1080,831
840,5646,Madiera 11,http://www.madeira-web.com/camera/preset-11/fullsize.jpg,32.6467608,-16.9126272,800,450,832
841,5649,Madiera 08,http://www.madeira-web.com/camera/preset-08/fullsize.jpg,32.6467608,-16.9126272,800,450,834
842,5651,Madiera 06,http://www.madeira-web.com/camera/preset-06/fullsize.jpg,32.6467608,-16.9126272,800,450,835
843,5652,Madiera 05,http://www.madeira-web.com/camera/preset-05/fullsize.jpg,32.6467608,-16.9126272,800,450,836
844,5653,Madiera 04,http://www.madeira-web.com/camera/preset-04/fullsize.jpg,32.6467608,-16.9126272,800,450,837
845,5654,Madiera 03,http://www.madeira-web.com/camera/preset-03/fullsize.jpg,32.6467608,-16.9126272,800,450,838
867,5655,Madiera 02,http://www.madeira-web.com/camera/preset-02/fullsize.jpg,32.6467608,-16.9126272,800,450,839
873,5656,Madiera 01,http://www.madeira-web.com/camera/preset-01/fullsize.jpg,32.6464717175151,-16.9125628269836,800,450,840
881,5705,,http://members.aon.at/shammer5/cam/webcam.jpg,37.7881604,20.8988271000001,640,480,841
882,5716,,http://www.haus-waldwiese.de/kurhaus.jpg,0,0,640,480,842
898,5717,,http://www.haus-waldwiese.de/M1/hochfirst.jpg,0,0,640,480,843
920,5755,,http://www.ceskenoviny.cz/.extern_kontejner/webkamera/obrazek.jpg?,0,0,352,288,844
933,5789,,http://www.tempsmataro.net/images/kabcam.jpg,0,0,640,480,845
937,5838,FIRST ST POPLAR ST,http://cdn.511ga.org/cameras/BIBB-CAM-502.jpg,32.836154,-83.63144,720,480,867
939,5955,75 at Northside Dr,http://cdn.511ga.org/cameras/GDOT-CAM-024.jpg,0,0,352,240,873
950,19958,75 at Northside Dr,http://cdn.511ga.org/cameras/GDOT-CAM-024.jpg,0,0,352,240,873
993,24424,75 at Northside Dr,http://cdn.511ga.org/cameras/GDOT-CAM-024.jpg,0,0,352,240,873
994,5963,75/85 at Intl Blvd,http://cdn.511ga.org/cameras/GDOT-CAM-012.jpg,0,0,352,240,881
995,19923,75/85 at Intl Blvd,http://cdn.511ga.org/cameras/GDOT-CAM-012.jpg,0,0,352,240,881
996,24413,75/85 at Intl Blvd,http://cdn.511ga.org/cameras/GDOT-CAM-012.jpg,0,0,352,240,881
999,5964,75/85 at Ellis St,http://cdn.511ga.org/cameras/GDOT-CAM-011.jpg,0,0,352,240,882
1010,19922,75/85 at Ellis St,http://cdn.511ga.org/cameras/GDOT-CAM-011.jpg,0,0,352,240,882
1012,24590,75/85 at Ellis St,http://cdn.511ga.org/cameras/GDOT-CAM-011.jpg,0,0,352,240,882
1018,5992,I-75 SB AT HUDSON BRIDGE,http://cdn.511ga.org/cameras/GDOT-CAM-720.jpg,33.503662,-84.23364,352,240,898
1025,6176,I-285 AT GLENWOOD RD,http://cdn.511ga.org/cameras/GDOT-CAM-259.jpg,56.8336531780465,60.6306392487793,352,240,920
1035,6189,I-285 AT LAVISTA RD,http://cdn.511ga.org/cameras/GDOT-CAM-241.jpg,33.846692,-84.247352,352,240,933
1047,14976,I-285 AT LAVISTA RD,http://cdn.511ga.org/cameras/GDOT-CAM-241.jpg,33.846692,-84.247352,352,240,933
1096,6193,I-285 E OF CHAMBLEE-TCKR,http://cdn.511ga.org/cameras/GDOT-CAM-236.jpg,39.8302587763522,-107.981200290286,720,480,937
1098,24515,I-285 E OF CHAMBLEE-TCKR,http://cdn.511ga.org/cameras/GDOT-CAM-236.jpg,39.8302587763522,-107.981200290286,720,480,937
1099,6195,I-285 W OF CHAMBLEE-TCKR,http://cdn.511ga.org/cameras/GDOT-CAM-234.jpg,33.8895,-84.2564,720,480,939
1100,24513,I-285 W OF CHAMBLEE-TCKR,http://cdn.511ga.org/cameras/GDOT-CAM-234.jpg,33.8895,-84.2564,720,480,939
1101,6207,I-285 1 Mi E of Ash-Dnwdy,http://cdn.511ga.org/cameras/GDOT-CAM-221.jpg,33.9205,-84.3262,720,480,950
1102,24500,I-285 1 Mi E of Ash-Dnwdy,http://cdn.511ga.org/cameras/GDOT-CAM-221.jpg,33.9205,-84.3262,720,480,950
1105,6291,,http://www.anwb.nl/cameras/camerabeelden/camerabeeld?paramImageNaam=Holendrecht,52.281823672497,4.95127192568783,360,288,993
1106,6292,,http://www.anwb.nl/cameras/camerabeelden/camerabeeld?paramImageNaam=Hoevelaken,52.1755784147129,5.42758430224661,360,288,994
1108,6293,,http://www.anwb.nl/cameras/camerabeelden/camerabeeld?paramImageNaam=Ewijk,51.8578321542208,5.71239835453037,360,288,995
1109,6294,,http://www.anwb.nl/cameras/camerabeelden/camerabeeld?paramImageNaam=Everdingen,51.9608145879414,5.11845535469059,360,288,996
1110,6298,,http://images.newmedia.lu/rtl.lu/auto/traffik/traffikcams/cccam_200.jpg,49.4989062197376,6.12455174326898,704,576,999
1111,6453,,http://orca.bcferries.com:8080/cc/data/cam1_NAN.jpg,0,0,352,240,1010
1112,6455,Nanaimo (Duke Pt Ferry Terminal) BC,http://orca.bcferries.com:8080/cc/data/cam1_DUK.jpg,0,0,704,480,1012
1114,6461,E47 nslev,http://webcam.trafikken.dk/webcam/guldborgsund.jpg,0,0,352,288,1018
1115,6469,Bispeengbuen,http://webcam.trafikken.dk/webcam/bispeeng.jpg,55.6949677,12.5346125999999,384,288,1025
1116,6484,E20 Lillebltsbroen,http://webcam.trafikken.dk/webcam/weblille.jpg,0,0,320,240,1035
1117,6504,Rute 15 Barde,http://webcam.trafikken.dk/webcam/barde.jpg,56.1022308037308,8.71686132979971,384,288,1047
1119,6698,Madiera 13,http://www.madeira-web.com/camera/preset-13/fullsize.jpg,32.6467608,-16.9126272,800,450,1096
1120,6767,,http://antarctica.martingrund.de/ohig-pingi2.jpg,-63.3204546042,-57.8946869774,640,480,1098
1122,6768,,http://antarctica.martingrund.de/ohig-pingi2-z.jpg,-25.0319256466296,-56.1554687499999,640,480,1099
1124,6774,Kitt Peak South,http://www.noao.edu/kpno/kpcam/lastim2.jpg,31.9529,-111.6195,640,480,1100
1125,6775,Kitt Peak North,http://www.noao.edu/kpno/kpcam/lastim.jpg,31.9608,-111.5967,640,480,1101
1126,6786,,http://www.magic.iac.es/webcams/webcam2/current/400.jpg,13.2012615046454,77.7742593749999,400,225,1102
1129,6809,,http://www.surfhousesurfcam.com/a_daily/surfcam.jpg,28.944827301679,-95.2901507112533,3648,2752,1105
1130,6822,,http://hei-tennis.dk/webcam/WebCam02.jpg,0,0,1600,1200,1106
1131,6831,,http://www.fsvisimages.com/images/photos-main/agte1_main.jpg,34.1379626,-116.9381434,648,486,1108
1132,6832,,http://www.fsvisimages.com/images/photos-main/biva1_main.jpg,46.5099225,-114.0931588,648,486,1109
1133,6833,,http://www.fsvisimages.com/images/photos-main/bowa1_main.jpg,47.9387890008426,-91.5707117022217,648,486,1110
1134,6926,,http://bodental.it-wms.com/current1.jpg,0,0,400,300,1111
1135,6962,,http://www.sturban.at/webcam/webcam/big_current1.jpg,0,0,640,480,1112
1136,7074,,http://www.ausserfern.net/lt01.jpg,0,0,320,240,1114
1137,7077,,http://members.aon.at/hotel-alpenrose/live/live.jpg,47.2877079456552,10.4302200241088,640,240,1115
1138,7081,,http://www.ausserfern.net/nw04.jpg,0,0,640,480,1116
1139,7082,,http://www.ausserfern.net/nw01.jpg,0,0,704,576,1117
1140,7087,,http://www.zahmerkaiser.com/web_CAM2.jpg,0,0,640,480,1119
1141,7121,,http://www.faschina.at/livecam/cam2.jpg,0,0,2032,1536,1120
1142,7151,,http://www.ceskenoviny.cz/.extern_kontejner/webkamera/obrazek.jpg?dummy=1109723965951,0,0,352,288,1122
1143,7181,,http://www.wetter-berchtesgaden.com/WebCam_4/hirschkaser.jpg,0,0,1024,768,1124
1144,7185,,http://www.wetter-berchtesgaden.com/WebCam_1/kneifelspitze.jpg,47.6581419821012,13.0171380735874,1024,768,1125
1145,7186,,http://www.wetter-berchtesgaden.com/WebCam_5/aschauerweiher.jpg,0,0,640,480,1126
1148,7198,,http://www.chiemgau-webcam.de/03/medium/cam_03_1.jpg,0,0,400,301,1129
1149,7199,,http://www.chiemgau-webcam.de/02/medium/cam_02_1.jpg,0,0,400,301,1130
1153,7200,,http://www.chiemgau-webcam.de/02/big/cam_02_1.jpg,0,0,600,452,1131
1154,7203,,http://goldeneye.garmisch.net/cam.jpg,0,0,320,240,1132
1155,7233,,http://www.brillen-moog.de/webcam/murnau.jpg,47.6789236,11.2008835,1280,720,1133
1156,7241,,http://www.capsandiego.de/cam1/hugesize.jpg,0,0,640,480,1134
1157,7265,,http://www.vifra.gr/tinos/current.jpg,0,0,640,480,1135
1158,7285,,http://www.hochgall.com/webcam/webcam.jpg,0,0,3456,2304,1136
1160,7295,,http://srv2.realcam.it/live/pub/8-2.jpg,0,0,800,450,1137
1161,7296,,http://srv2.realcam.it/live/pub/8-3.jpg,0,0,800,450,1138
1162,7299,,http://srv2.realcam.it/live/pub/8-7.jpg,0,0,800,450,1139
1163,7301,,http://srv2.realcam.it/live/pub/8-9.jpg,0,0,800,450,1140
1164,7302,,http://srv2.realcam.it/live/pub/8-10.jpg,46.2750823,11.7985757,800,450,1141
1165,7303,,http://srv2.realcam.it/live/pub/8-1.jpg,46.2666667,11.8666667,800,450,1142
1166,7308,,http://www.livigno.com/%7Ecamera1/camera1_grande.jpg,0,0,704,576,1143
1167,7309,,http://www.livigno.com/~camera2/camera2_grande.jpg,0,0,704,576,1144
1168,7337,,http://www.knmi.nl/webcam/images/ispy.jpg,52.1013571633721,5.1783121691942,320,240,1145
1169,7350,,http://www.gleitschirm.ch/fileadmin/livecam//kamera-rechts.jpg,47.2856585868696,9.42856600622099,640,480,1148
1171,7352,,http://www.arolla.com/MOBOTIX/arolla1.jpg,0,0,1280,960,1149
1175,7410,,http://www.schaenis-soaring.ch/cam_schaenis.jpg,0,0,640,480,1153
1177,7411,,http://www.schaenis-soaring.ch/cam_schwanden.jpg,0,0,640,480,1154
1178,7415,,http://www.topin.ch/scripts/big_img.php?bild=rig.jpg,0,0,800,600,1155
1179,7426,,http://www.hamatro.ch/gersau.jpg,0,0,640,480,1156
1180,7443,hallwilersee nord 2,http://www.webcam-hallwilersee.ch/uploadpics/pos2-nordzoom.jpg,46.6483979217357,7.51553442648628,704,576,1157
1181,7445,,http://www.webcam-hallwilersee.ch/uploadpics/pos4-sued.jpg,47.2771667,8.21729400000004,704,576,1158
1183,7539,Eternal Sunset,http://antarctica.martingrund.de/ohig-pingi-z.jpg,-63.5167,-58.5,640,480,1160
1185,7540,,http://www.pocruises.com/webcams/aurora.jpg,0,0,352,288,1161
1187,7541,,http://www.pocruises.com/webcams/oceana.jpg,0,0,704,480,1162
1188,7542,,http://www.pocruises.com/webcams/oriana.jpg,0,0,289,216,1163
1189,7929,,http://www.lotuslodge.de/webcam/garten/pllgarten.jpg,0,0,800,450,1164
1191,7937,"Tsim Sha Tsui (looking towards the east), Hong Kong",http://www.hko.gov.hk/wxinfo/aws/hko_mica/hko/latest_HKO.jpg,0,0,720,405,1165
1192,7987,,http://www.lochness.co.uk/livecam/img/lochness.jpg,57.3233574437,-4.44931030273,640,360,1166
1196,7990,Eternal Sunset,http://antarctica.martingrund.de/ohig-pingi.jpg,-63.5167,-58.5,640,480,1167
1197,7991,,http://ivs.bkg.bund.de/vlbi/ohiggins/ohig-web1.jpg,0,0,1024,768,1168
1198,7992,,http://ivs.bkg.bund.de/vlbi/ohiggins/ohig-web.jpg,0,0,1024,768,1169
1199,8078,,http://webcams.vanderbilt.edu/thecommons/hobbsview/hobbs_evocam.jpg?Page=1244754558465,36.1492133,-86.8024716,1280,960,1171
1201,8221,,http://webcam.iowa.uiowa.edu/live/readImage.asp?dummy=1350589706202,0,0,1280,720,1175
1202,3524,,http://195.196.36.242/axis-cgi/jpg/image.cgi?camera=&amp,0,1245081533614,0,328,1177
1203,8290,,http://195.196.36.242/axis-cgi/jpg/image.cgi?camera=&amp,0,1245081533614,0,328,1177
1204,8296,Orpen (Kruger National Park),http://gardenia.sanparks.org/webcams/orpen.jpg,-23.60528,31.55328,384,308,1178
1205,8297,,http://gardenia.sanparks.org/webcams/satara.jpg,-23.8214244,31.4456179,384,308,1179
1206,8309,,http://www.trinum.com/ibox/ftpcam/meaudre_front.jpg,0,0,3103,600,1180
1207,8326,,http://www.trinum.com/ibox/albiez/images/arrivee/albiez_arrivee0.jpg,0,0,704,576,1181
1208,8335,,http://www.trinum.com/ibox/champagny/images/bouquetinmega.jpg,0,0,1280,960,1183
1212,8346,,http://www.trinum.com/ibox/correncon/Images/haut_plateau/correncon_plateau_MEGA.jpg,0,0,1280,960,1185
1214,8359,,http://www.trinum.com/ibox/Oursblanc/Images/OursBlanc0.jpg,0,0,704,576,1187
1215,8370,,http://www.trinum.com/ibox/lans_en_vercors/images/stade/lans_stade4.jpg,0,0,1280,720,1188
1217,8395,,http://www.trinum.com/ibox/megeve/Images/jaillet/jaillet0.jpg,0,0,704,576,1189
1218,8408,,http://www.trinum.com/ibox/praz_de_lys_sommand/Images/sommand_front/sommand_front0.jpg,0,0,704,576,1191
1221,3791,,http://www.kapstadt.de/webcam.jpg,-33.925948,18.428374,1000,750,1192
1222,8451,,http://www.kapstadt.de/webcam.jpg,-33.925948,18.428374,1000,750,1192
1223,8526,,http://www.wolfgang-maerkle.de/priv/image/webcam/webcam.jpg,0,0,1280,720,1196
1224,8541,Eternal Sunset,http://www.wetterstation-birrfeld.ch/images/camwest.jpg,47.4333,8.2,640,480,1197
1226,8606,,http://www.swisswebcams.ch/mobotix/g37d.jpg,46.9823125,9.64757599999996,1280,720,1198
1227,8608,,http://www.studen-sz.ch/mobotix/test.jpg,0,0,640,480,1199
1228,8618,,http://www.swisswebcams.ch/mobotix/a32p.jpg,0,0,640,480,1201
1229,8620,,http://www.swisswebcams.ch/mobotix/a63p.jpg,46.5525645095105,9.32310901712721,1024,768,1202
1230,8681,,http://www.flugschule-eichenberger.ch/webcam/pic.jpg,47.2645558447885,8.30148666799073,704,480,1203
1231,8737,,http://cam.biberstein.com/cam.jpg,0,0,640,480,1204
1233,8743,,http://www.bernau.biz/webcam/webcam.jpg,0,0,640,480,1205
1234,8755,,http://www.swisswebcams.ch/mobotix/r16t.jpg,0,0,640,480,1206
1235,8772,,http://www.birkli.ch/webcam/bildklein/aktuell_klein.jpg,46.7004572901338,7.7983659088611,640,480,1207
1236,8787,,http://strpc.net/webcam/current.jpg,0,0,1024,768,1208
1237,8855,,https://images.webcams.travel/webcam/1227972392.jpg,47.4232579761,9.37684523285,400,224,1212
1238,8873,,http://www.leimentalerwetter.ch/meteo/current.jpg,0,0,640,480,1214
1239,8923,,http://www.wasserflue-aarau.ch/webcam/pos5.jpg,0,0,504,405,1215
1240,8949,,http://strpc.net/str/webcam/current.jpg,0,0,1280,960,1217
1241,8958,,http://hubiwetter-sirnach.ch/webcam_data/webcam-sirnach.jpg,47.4635417,8.9952856,640,480,1218
1242,9057,,http://www.nestblick.de/webcam/current.jpg?1055,0,0,640,480,1221
1244,9065,,http://www.waldhaus-riezlern.de/webcam/current.jpg,0,0,640,480,1222
1246,9088,,http://www.webcam-nsv.de/webcam/current.jpg,0,0,640,480,1223
1247,9090,,http://duemmerhotel.de/webcan/current.jpg,0,0,640,480,1224
1249,9096,,http://www.s-n-g.de/webcam/current.jpg,50.791,7.87606,640,480,1226
1250,9099,,http://cooperisland-bvi.com/current.jpg,0,0,1600,1200,1227
1251,9156,,http://www.suvrettahouse.ch/webcam/current.jpg?27730,0,0,1920,1072,1228
1253,9157,,http://wwwi.blatzheim.com/pic/webcam/edkb/current.jpg,0,0,640,480,1229
1255,9187,,http://www.goldenerknopf.de/webcam/current.jpg,0,0,1024,768,1230
1256,9190,,http://meteoarzignano.altervista.org/_altervista_ht/current.jpg,0,0,640,480,1231
1257,9234,,http://www.trinnordic.ch/webcam/current.jpg,0,0,640,480,1233
1258,9241,,http://www.canalcup-cam.de/webcam/current.jpg?r=1226362708,54.29467,9.68258000000003,640,480,1234
1259,9243,,http://www.canalcup-cam.de/webcam/current.jpg?r=1226848912,54.2937663868,9.68312351541,640,480,1235
1264,9246,,http://www.waldhaus-riezlern.at/webcam/current.jpg,0,0,640,480,1236
1266,9247,,http://www.suvrettahouse.ch/webcam/current.jpg?16789,46.4848292918,9.81956958771,1920,1072,1237
1267,9254,,http://www.rwcam.de/fileadmin/rwcam.de/current/current.jpg,0,0,640,480,1238
1271,9256,,http://80.66.4.2/record/current.jpg,0,0,640,480,1239
1273,9302,,http://80.66.4.2/record/current.jpg,0,0,640,480,1239
1274,9296,,http://www.nestblick.de/webcam/current.jpg,0,0,640,480,1240
1275,9309,,http://www.storch-live.de/current.jpg,0,0,640,480,1241
1276,9366,,http://www.hagnau.de/webcam/webcam/current.jpg,0,0,1280,720,1242
1278,9374,,http://str.ch/webcam/current.jpg,0,0,1024,768,1244
1279,9392,,http://sun.barga.com/barga/barga_tal.jpg,0,0,640,480,1246
1280,9397,,http://www.sallanhissit.com/current.jpg,0,0,640,480,1247
1281,9447,,http://www.wetter.debastiani.de/wetterdaten/current.jpg,49.5370846623,8.65691810059,640,480,1249
1284,9453,,http://www.gc-tegernbach.de/webcam/current.jpg,48.2685533138,11.0808944702,640,480,1250
1285,9492,,http://www.nestblick.de/webcam/current.jpg?7470,47.9197132144477,9.73701805508599,640,480,1251
1287,9573,,http://www.e-werk-mittelbaden.de/webcambilder/cam3/current.jpg,0,0,640,480,1253
1288,9622,,http://www.trinnordic.ch/webcam_bargis/current.jpg,46.8539135,9.3212405,640,480,1255
1289,9623,,http://icons.wunderground.com/webcamramdisk/r/b/rbsattwu/1/current.jpg,0,0,1280,720,1256
1290,9637,,http://www.nestblick.de/webcam/current.jpg?5910,0,0,640,480,1257
1291,9642,,http://www.lauberhorn.ch/webcam/current.jpg,0,0,640,480,1258
1292,9644,,http://icons.wunderground.com/webcamramdisk/a/s/asprey/1/current.jpg?1213416057,0,0,480,360,1259
1294,9745,,http://regacam1.tagblatt.com/cgi-bin/jpg/image.cgi,-34.6338101259319,-58.4008436279297,704,576,1264
1296,9777,,http://217.5.197.4/axis-cgi/jpg/image.cgi,-22.3545709985543,-42.70418808534,1280,720,1266
1297,9799,,http://webcam-roggwil2.bioforce.ch/axis-cgi/jpg/image.cgi?resolution=320x240,0,0,320,240,1267
1300,9907,,http://webcam-rade.ville-ge.ch/axis-cgi/jpg/image.cgi?1160648119484,0,0,320,240,1271
1301,9980,Arolla: Hotel Kurhaus,http://www.arolla.com/mt-collon/mtcollon.jpg,0,0,1280,960,1273
1302,9981,,http://www.arolla.com/pigne/pigne.jpg,0,0,1280,960,1274
1303,9983,,http://www.swisswebcams.ch/mobotix/ar2o.jpg,0,0,640,480,1275
1304,9984,,http://www.swisswebcams.ch/mobotix/ar1o.jpg,0,0,640,480,1276
1306,10012,,http://www.todtmoos.info/roessle/1.jpg,0,0,1280,720,1278
1307,10020,,http://www.eckerhof-hinterdorf.de/Bilder/webcam.jpg,0,0,640,480,1279
1308,10025,,http://www.brunni.ch/images/webcam/webcam02.jpg,0,0,320,240,1280
1309,10032,,http://www.ghoech.ch/M1/cam2_live.jpg,0,0,1280,960,1281
1311,10071,,http://www.eigenthal.ch/webcam/live.jpg,47.0166139,8.1801249,640,480,1284
1312,10076,,http://www.straub-feldberg.de/straub-feldberg.jpg,0,0,640,480,1285
1313,10115,,http://www.swisswebcams.ch/mobotix/p58h.jpg,0,0,1024,384,1287
1314,10117,,http://www.swisswebcams.ch/mobotix/p59h.jpg,0,0,1024,384,1288
1315,10126,,http://www.almenrausch.eu/webcam/webcam_almenrausch_b.jpg,0,0,640,480,1289
1316,10128,,http://www.birkenhoehe.com/webcam/webbild.jpg,0,0,704,576,1290
1318,10152,,http://www.swisswebcams.ch/mobotix/L35k.jpg,0,0,640,480,1291
1319,10153,,http://www.swisswebcams.ch/mobotix/L37k.jpg,0,0,640,480,1292
1320,10182,,http://www.mythenregion.ch/html/livekamera/livecammythenregion2.jpg,0,0,1024,768,1294
1322,10215,Saas-Fee: Village,http://www.saasfee.ch/livecam/livedorf.jpg,0,0,640,480,1296
1323,10216,,http://www.hohsaas.info/livebild/fullsize_CAM1.jpg,0,0,704,576,1297
1324,10236,,http://www.swisswebcams.ch/mobotix/S68L.jpg,0,0,640,480,1300
1325,10237,,http://www.swisswebcams.ch/mobotix/S44Q.jpg,0,0,640,480,1301
1327,10239,,http://www.swisswebcams.ch/mobotix/c08o.jpg,0,0,640,480,1302
1328,10240,,http://www.swisswebcams.ch/mobotix/b27a.jpg,46.8071508852082,9.0605291567738,640,480,1303
1329,10242,,http://www.bulktraffic.de/wsvcam/wsvcam.jpg,48.2540905658578,9.03085429221393,800,600,1304
1330,10254,,http://www.swisswebcams.ch/mobotix/e31r.jpg,0,0,640,480,1306
1332,10255,,http://www.swisswebcams.ch/mobotix/k72l.jpg,0,0,1280,720,1307
1333,10258,,http://www.swisswebcams.ch/mobotix/a01m.jpg,0,0,640,480,1308
1334,10268,,http://www.wetter-aftersteg.de/webcam.jpg,0,0,640,480,1309
1336,10294,,http://images.webcams.travel/webcam/1237636535.jpg,0,0,400,224,1311
1337,10386,,http://www.villa.ch/livecam/chillout.jpg,46.6842424213222,7.86148604750634,640,480,1312
1338,10393,,http://www.seepark.ch/webcam/current.jpg,0,0,1024,768,1313
1340,10496,Ina Alblas,http://www.brienzerburli.ch/webcam/cam.jpg,46.7667,8.05,1280,800,1314
1345,10522,,http://www.swisswebcams.ch/mobotix/k91s.jpg,0,0,640,480,1315
1346,10523,,http://www.swisswebcams.ch/mobotix/k67a.jpg,0,0,640,480,1316
1347,10586,,http://images.webcams.travel/webcam/1177877762.jpg,0,0,400,224,1318
1350,10636,,http://www.nielsen.ch/recent.jpg,0,0,640,480,1319
1352,10637,,http://www.wirztravel.ch/webcam/sarnersee/sonnenberg_aktuell.jpg,46.9040948,8.24687560000007,640,480,1320
1353,10736,,http://www.stausee.ch/media/vga_640.jpg,0,0,640,480,1322
1354,10781,,http://www.chemnitz-webcam-petrikirche.de/webcambilder/cam1.jpg,0,0,1280,960,1323
1355,10814,,http://webcam-rade.ville-ge.ch/axis-cgi/jpg/image.cgi?1245275384,0,0,320,240,1324
1356,10821,Mount Gurten street,https://images.webcamgalore.com/webcamimages/webcam-015461.jpg,46.9151,7.43863,340,170,1325
1357,11002,,http://www.swisswebcams.ch/mobotix/e82g.jpg,47.5449495,9.23818359999996,640,480,1327
1360,11105,,http://www.hamatro.ch/gersau.jpg?1245276554,0,0,640,480,1328
1361,11185,,http://www.swisswebcams.ch/mobotix/f41r.jpg,47.2040996614,8.77493797758,640,480,1329
1369,11187,,http://wsc.hotelmedia.ch/webcamleprese/current.jpg,0,0,800,600,1330
1371,11237,,http://safetravelusa.com/sd/camera_images/SDEDG/0/latest.jpg,0,0,384,216,1332
1374,11258,,http://www.moonglow.net/latest.jpg,38.8282202,-93.7689545,640,480,1333
1468,11290,,http://weatherusa.net/skycamnet/skycam3/latest.jpg,40.1727778,-82.4188889,704,576,1334
1470,11306,,http://www.iossc.org.uk/weather/images/latest.jpg?1151232938,0,0,510,383,1336
1508,11308,,http://www.iossc.org.uk/weather/images/latest.jpg?1151536714,51.44011,0.764158,510,383,1337
1512,11313,,http://www.iossc.org.uk/weather/images/latest.jpg,0,0,510,383,1338
1513,11318,weatherUSA SkyCam 3,http://www.weatherusa.net/skycamnet/skycam3/latest.jpg,40.174943,-82.3854739,704,576,1340
1514,11383,,http://www.flugplatz-bielefeld.de/wetter/fullsize.jpg,0,0,352,288,1345
1515,11385,,http://www.salina.k-state.edu/camera/fullsize.jpg,0,0,640,480,1346
1517,11389,,http://www.edli.net/wetter/fullsize.jpg,0,0,352,288,1347
1518,11408,,http://www.thueringer-webcams.de/kunden/mdr/eisenach-berghotel/livebild-pal.jpg,0,0,768,576,1350
1521,11431,,http://camera.clemson.edu/poole/fullsize.jpg,0,0,640,480,1352
1524,11433,,http://swhcam2.evh.de/vhughsize.jpg,0,0,800,600,1353
1526,11442,,http://madeira-web.com/camera/preset-01/fullsize.jpg,32.6669328,-16.9240554,800,450,1354
1527,11448,,http://www.hohsaas.info/livebild/hohsaas_fullsize.jpg,0,0,1280,720,1355
1529,11450,,http://madeira-web.com/camera/preset-10/fullsize.jpg,32.6669328,-16.9240554,800,450,1356
1533,11476,,http://madeira-web.com/camera/preset-08/fullsize.jpg,32.6669328,-16.9240554,800,450,1357
1543,11542,,http://www.pension-waldhaus.de/webcamimages/cam.jpg,0,0,640,480,1360
1561,11452,,http://towercam.intershop.de/fullsize.jpg?camera=2&amp,0,0,0,328,1361
1566,11453,,http://towercam.intershop.de/fullsize.jpg?camera=2&amp,0,0,0,328,1361
1569,11510,,http://towercam.intershop.de/fullsize.jpg?camera=2&amp,0,0,0,328,1361
1570,11548,,http://towercam.intershop.de/fullsize.jpg?camera=2&amp,0,0,0,328,1361
1676,11636,,http://towercam.intershop.de/fullsize.jpg?camera=2&amp,0,0,0,328,1361
1691,11678,,http://tripcheck.com/RoadCams/cams/TheDalles_pid655.jpg?0.9057581,0,0,328,295,1369
1795,11681,,http://tripcheck.com/RoadCams/cams/RedmondAirport_pid649.jpg?0.3809778,44.2711769459077,-121.161678588867,328,314,1371
1802,11686,,http://tripcheck.com/RoadCams/cams/MeachamWestbound_pid637.jpg?0.9000208,0,0,328,314,1374
1840,11814,,http://tripcheck.com/RoadCams/cams/i5brsbn_pid554.jpg?4.388064E-02,0,0,328,314,1468
1886,11816,,http://tripcheck.com/RoadCams/cams/i5brtop_pid659.jpg?0.9008753,0,0,328,295,1470
1896,11865,,http://tripcheck.com/RoadCams/cams/BlackButte_pid607.jpg?0.4747278,0,0,328,330,1508
1905,12033,,http://www.paulbunyan.net/users/rascarr/Stumplake.jpg,0,0,640,480,1512
1908,12037,,http://rpcam1.lutefisktech.com/images/rpcam1.jpg,47.9032372,-91.8670873,1296,960,1513
1934,12039,,http://www.golden-eagle.com/downloads/Pictures/WebCam/Camer1.jpg?1214351265,48.0578662,-90.4098783,1920,1080,1514
1939,12042,,http://www.rainylakeonestop.com/netcam.jpg,0,0,640,480,1515
1945,12234,I275 at Lawrenceburg. (East),http://cmhimg01.dot.state.oh.us/images/artimis/CCTV063.jpg,39.122004,-84.834044,704,480,1517
1972,12345,Gilmore Summit SH28,http://birice.vaisala.com/photos/0313725F_067EC57D_cam1.jpg,44.4566,-113.2413,640,480,1518
2050,12351,US-12 Lolo Pas,http://birice.vaisala.com/photos/02D0637D_06BCBC1E_cam1.jpg,46.635,-114.58,640,480,1521
2051,12357,"Henrys Lake - US-20, M.P. 401",http://birice.vaisala.com/photos/033CAF03_066B9677_cam1.jpg,44.6183,-111.3355,640,480,1524
2052,12360,"Highland Summit - SH-21, M.P. 14.3",http://birice.vaisala.com/photos/03212210_06E1B86F_cam1.jpg,43.57002,-116.03218,640,480,1526
2113,12361,Wallace,http://birice.vaisala.com/photos/02D4670C_F91769C1_CAM1.jpg,47.474,-115.924,640,480,1527
2123,12367,Greer Grade HWY-11 nr Kamiah,http://birice.vaisala.com/photos/031F2EEE_06C97695_cam1.jpg,46.351,-116.213,640,480,1529
2124,12391,,http://maps.nittec.org/liveimages/CCTV_559.jpg,43.1520214701003,-79.0364354289229,704,480,1533
2125,12420,NY 33 (Kensington Expwy.) at Suffolk St.,http://maps.nittec.org/liveimages/CCTV_516.jpg,42.9333526,-78.8110847,320,240,1543
2126,12467,,http://maps.nittec.org/liveimages/CCTV_530.jpg,6.87635090035466,-75.05490625,704,480,1561
2127,13255,,http://www.roads.gov.nl.ca/cameras/sites/foxtrap/current.jpg,47.507572,-52.976738,352,240,1566
2130,13261,,http://www.roads.gov.nl.ca/cameras/sites/pynnsbrook/current.jpg,49.083333,-57.55,352,288,1569
2131,13262,Port Aux Basques,http://www.roads.gov.nl.ca/cameras/sites/portauxbasques/current.jpg,47.572115,-59.136429,352,240,1570
2132,13406,I-15 Park Lane - Farmington mp 324.44,http://commuterlink.utah.gov/1_devices/aux281.jpeg,40.98907094,-111.9059004,320,240,1676
2133,13422,SR-67 Legacy Parkway Glovers Lane - Farmington mp 10.5,http://commuterlink.utah.gov/1_devices/aux14771.jpeg,40.965173,-111.893022,320,240,1691
2136,13536,,http://commuterlink.utah.gov/1_devices/aux14281.jpeg,0,0,320,240,1795
2137,20248,,http://commuterlink.utah.gov/1_devices/aux14281.jpeg,0,0,320,240,1795
2138,13544,Harrison Blvd @ 24th St - Ogden,http://commuterlink.utah.gov/1_devices/aux433.jpeg,41.222457,-111.948174,320,240,1802
2139,13586,I-15 24th St NB - Ogden mp 342.2,http://commuterlink.utah.gov/1_devices/aux14778.jpeg,41.223574,-112.010899,320,240,1840
2140,13645,I-80 3200 W - Salt Lake City mp 116.44,http://commuterlink.utah.gov/1_devices/aux48.jpeg,40.76417582,-111.9661035,320,240,1886
2141,13655,I-80 Salt Lake County mp 136.45,http://commuterlink.utah.gov/1_devices/aux163.jpeg,40.74037521,-111.6670609,320,240,1896
2143,13665,I-80 East of Foothill Drive - Salt Lake County mp 127.9,http://commuterlink.utah.gov/1_devices/aux66.jpeg,40.71189025,-111.8022007,320,240,1905
