[(1, datetime.datetime(2018, 6, 28, 12, 26, 25)), (1, datetime.datetime(2018, 6, 25, 14, 43, 32))]
[(2, datetime.datetime(2018, 6, 28, 12, 26, 20)), (2, datetime.datetime(2018, 6, 28, 10, 1, 24)), (2, datetime.datetime(2018, 6, 25, 14, 43, 32))]
[(3, datetime.datetime(2018, 6, 25, 14, 43, 32))]
[(4, datetime.datetime(2018, 6, 28, 12, 26, 21)), (4, datetime.datetime(2018, 6, 28, 10, 1, 24)), (4, datetime.datetime(2018, 6, 25, 14, 43, 32))]
[(5, datetime.datetime(2018, 6, 28, 12, 26, 20)), (5, datetime.datetime(2018, 6, 28, 10, 1, 24)), (5, datetime.datetime(2018, 6, 25, 14, 43, 32))]
[(6, datetime.datetime(2018, 6, 28, 12, 26, 20)), (6, datetime.datetime(2018, 6, 28, 10, 1, 24)), (6, datetime.datetime(2018, 6, 25, 14, 43, 32))]
[(7, datetime.datetime(2018, 6, 28, 12, 26, 20)), (7, datetime.datetime(2018, 6, 28, 10, 1, 24)), (7, datetime.datetime(2018, 6, 25, 14, 43, 32))]
[(8, datetime.datetime(2018, 6, 28, 12, 26, 20)), (8, datetime.datetime(2018, 6, 28, 10, 1, 25)), (8, datetime.datetime(2018, 6, 25, 14, 43, 32))]
[(9, datetime.datetime(2018, 6, 28, 12, 26, 20)), (9, datetime.datetime(2018, 6, 28, 10, 1, 24)), (9, datetime.datetime(2018, 6, 25, 14, 43, 32))]
[(10, datetime.datetime(2018, 6, 28, 12, 26, 20)), (10, datetime.datetime(2018, 6, 28, 10, 1, 24)), (10, datetime.datetime(2018, 6, 25, 14, 43, 32))]
[(11, datetime.datetime(2018, 6, 28, 12, 26, 20)), (11, datetime.datetime(2018, 6, 28, 10, 1, 24)), (11, datetime.datetime(2018, 6, 25, 14, 43, 32))]
[(12, datetime.datetime(2018, 6, 28, 12, 26, 26)), (12, datetime.datetime(2018, 6, 28, 10, 1, 29)), (12, datetime.datetime(2018, 6, 25, 14, 43, 32))]
[(13, datetime.datetime(2018, 6, 28, 12, 26, 20)), (13, datetime.datetime(2018, 6, 28, 10, 1, 24)), (13, datetime.datetime(2018, 6, 25, 14, 43, 32))]
[(14, datetime.datetime(2018, 6, 28, 12, 26, 20)), (14, datetime.datetime(2018, 6, 28, 10, 1, 24)), (14, datetime.datetime(2018, 6, 25, 14, 43, 32))]
[(15, datetime.datetime(2018, 6, 28, 12, 26, 20)), (15, datetime.datetime(2018, 6, 28, 10, 1, 24)), (15, datetime.datetime(2018, 6, 25, 14, 43, 32))]
[(16, datetime.datetime(2018, 6, 28, 10, 1, 29)), (16, datetime.datetime(2018, 6, 25, 14, 43, 32))]
[(17, datetime.datetime(2018, 6, 28, 12, 26, 20)), (17, datetime.datetime(2018, 6, 28, 10, 1, 24)), (17, datetime.datetime(2018, 6, 25, 14, 43, 32))]
[(18, datetime.datetime(2018, 6, 28, 12, 26, 20)), (18, datetime.datetime(2018, 6, 28, 10, 1, 24)), (18, datetime.datetime(2018, 6, 25, 14, 43, 32))]
[(19, datetime.datetime(2018, 6, 28, 12, 26, 22)), (19, datetime.datetime(2018, 6, 28, 10, 1, 26)), (19, datetime.datetime(2018, 6, 25, 14, 43, 38))]
[(20, datetime.datetime(2018, 6, 25, 14, 43, 32))]
[(21, datetime.datetime(2018, 6, 28, 12, 26, 26)), (21, datetime.datetime(2018, 6, 28, 10, 1, 29)), (21, datetime.datetime(2018, 6, 25, 14, 43, 32))]
[(22, datetime.datetime(2018, 6, 28, 10, 1, 29)), (22, datetime.datetime(2018, 6, 25, 14, 43, 32))]
[(23, datetime.datetime(2018, 6, 28, 12, 26, 21)), (23, datetime.datetime(2018, 6, 28, 10, 1, 24)), (23, datetime.datetime(2018, 6, 25, 14, 43, 32))]
[(24, datetime.datetime(2018, 6, 28, 12, 26, 21)), (24, datetime.datetime(2018, 6, 28, 10, 1, 24)), (24, datetime.datetime(2018, 6, 25, 14, 43, 32))]
[(25, datetime.datetime(2018, 6, 28, 12, 26, 20)), (25, datetime.datetime(2018, 6, 28, 10, 1, 24)), (25, datetime.datetime(2018, 6, 25, 14, 43, 32))]
[(26, datetime.datetime(2018, 6, 28, 12, 26, 20)), (26, datetime.datetime(2018, 6, 28, 10, 1, 24)), (26, datetime.datetime(2018, 6, 25, 14, 43, 32))]
[(27, datetime.datetime(2018, 6, 28, 12, 26, 26)), (27, datetime.datetime(2018, 6, 28, 10, 1, 29)), (27, datetime.datetime(2018, 6, 25, 14, 43, 32))]
[(28, datetime.datetime(2018, 6, 28, 12, 26, 20)), (28, datetime.datetime(2018, 6, 28, 10, 1, 24)), (28, datetime.datetime(2018, 6, 25, 14, 43, 32))]
[(29, datetime.datetime(2018, 6, 25, 14, 43, 32))]
[(30, datetime.datetime(2018, 6, 25, 14, 43, 32))]
[(31, datetime.datetime(2018, 6, 28, 12, 26, 21)), (31, datetime.datetime(2018, 6, 28, 10, 1, 24)), (31, datetime.datetime(2018, 6, 25, 14, 43, 32))]
[(32, datetime.datetime(2018, 6, 28, 12, 26, 20)), (32, datetime.datetime(2018, 6, 28, 10, 1, 24)), (32, datetime.datetime(2018, 6, 25, 14, 43, 32))]
[(33, datetime.datetime(2018, 6, 28, 12, 26, 21)), (33, datetime.datetime(2018, 6, 28, 10, 1, 25)), (33, datetime.datetime(2018, 6, 25, 14, 43, 38))]
[(34, datetime.datetime(2018, 6, 25, 14, 43, 38))]
[(35, datetime.datetime(2018, 6, 28, 12, 26, 1)), (35, datetime.datetime(2018, 6, 28, 10, 1, 24)), (35, datetime.datetime(2018, 6, 25, 14, 43, 33))]
[(36, datetime.datetime(2018, 6, 28, 12, 26, 20)), (36, datetime.datetime(2018, 6, 28, 10, 1, 24)), (36, datetime.datetime(2018, 6, 25, 14, 43, 33))]
[(37, datetime.datetime(2018, 6, 28, 12, 26, 26)), (37, datetime.datetime(2018, 6, 28, 10, 1, 29)), (37, datetime.datetime(2018, 6, 25, 14, 43, 33))]
[(38, datetime.datetime(2018, 6, 28, 12, 26, 21)), (38, datetime.datetime(2018, 6, 28, 10, 1, 25)), (38, datetime.datetime(2018, 6, 25, 14, 43, 39))]
[(39, datetime.datetime(2018, 6, 28, 12, 26, 20)), (39, datetime.datetime(2018, 6, 28, 10, 1, 24)), (39, datetime.datetime(2018, 6, 25, 14, 43, 33))]
[(40, datetime.datetime(2018, 6, 25, 14, 43, 33))]
[(41, datetime.datetime(2018, 6, 28, 12, 26, 20)), (41, datetime.datetime(2018, 6, 28, 10, 1, 24)), (41, datetime.datetime(2018, 6, 25, 14, 43, 33))]
[(42, datetime.datetime(2018, 6, 28, 12, 26, 26)), (42, datetime.datetime(2018, 6, 28, 10, 1, 29)), (42, datetime.datetime(2018, 6, 25, 14, 43, 33))]
[(43, datetime.datetime(2018, 6, 28, 12, 26, 20)), (43, datetime.datetime(2018, 6, 28, 10, 1, 24)), (43, datetime.datetime(2018, 6, 25, 14, 43, 33))]
[(44, datetime.datetime(2018, 6, 28, 12, 26, 21)), (44, datetime.datetime(2018, 6, 28, 10, 1, 25)), (44, datetime.datetime(2018, 6, 25, 14, 43, 33))]
[(45, datetime.datetime(2018, 6, 28, 12, 26, 20)), (45, datetime.datetime(2018, 6, 28, 10, 1, 25)), (45, datetime.datetime(2018, 6, 25, 14, 43, 33))]
[(46, datetime.datetime(2018, 6, 25, 14, 43, 33))]
[(47, datetime.datetime(2018, 6, 28, 12, 26, 21)), (47, datetime.datetime(2018, 6, 28, 10, 1, 25)), (47, datetime.datetime(2018, 6, 25, 14, 43, 33))]
[(48, datetime.datetime(2018, 6, 25, 14, 43, 33))]
[(49, datetime.datetime(2018, 6, 28, 12, 26, 26)), (49, datetime.datetime(2018, 6, 28, 10, 1, 29)), (49, datetime.datetime(2018, 6, 25, 14, 43, 33))]
[(50, datetime.datetime(2018, 6, 28, 12, 26, 20)), (50, datetime.datetime(2018, 6, 28, 10, 1, 25)), (50, datetime.datetime(2018, 6, 25, 14, 43, 33))]
[(51, datetime.datetime(2018, 6, 28, 12, 26, 21)), (51, datetime.datetime(2018, 6, 28, 10, 1, 25)), (51, datetime.datetime(2018, 6, 25, 14, 43, 33))]
[(52, datetime.datetime(2018, 6, 28, 12, 26, 21)), (52, datetime.datetime(2018, 6, 28, 10, 1, 25)), (52, datetime.datetime(2018, 6, 25, 14, 43, 33))]
[(53, datetime.datetime(2018, 6, 28, 12, 26, 20)), (53, datetime.datetime(2018, 6, 28, 10, 1, 24)), (53, datetime.datetime(2018, 6, 25, 14, 43, 33))]
[(54, datetime.datetime(2018, 6, 28, 10, 1, 29)), (54, datetime.datetime(2018, 6, 25, 14, 43, 33))]
[(55, datetime.datetime(2018, 6, 28, 12, 26, 21)), (55, datetime.datetime(2018, 6, 25, 14, 43, 33))]
[(56, datetime.datetime(2018, 6, 28, 12, 26, 21)), (56, datetime.datetime(2018, 6, 25, 14, 43, 33))]
[(57, datetime.datetime(2018, 6, 28, 12, 26, 20)), (57, datetime.datetime(2018, 6, 28, 10, 1, 25)), (57, datetime.datetime(2018, 6, 25, 14, 43, 33))]
[(58, datetime.datetime(2018, 6, 28, 12, 26, 21)), (58, datetime.datetime(2018, 6, 25, 14, 43, 33))]
[(59, datetime.datetime(2018, 6, 25, 14, 43, 33))]
[(60, datetime.datetime(2018, 6, 28, 12, 26, 26)), (60, datetime.datetime(2018, 6, 28, 10, 1, 29)), (60, datetime.datetime(2018, 6, 25, 14, 43, 33))]
[(61, datetime.datetime(2018, 6, 28, 12, 26, 23)), (61, datetime.datetime(2018, 6, 28, 10, 1, 25)), (61, datetime.datetime(2018, 6, 25, 14, 43, 33))]
[(62, datetime.datetime(2018, 6, 25, 14, 43, 33))]
[(63, datetime.datetime(2018, 6, 28, 12, 26, 21)), (63, datetime.datetime(2018, 6, 28, 10, 1, 25)), (63, datetime.datetime(2018, 6, 25, 14, 43, 33))]
[(64, datetime.datetime(2018, 6, 28, 10, 1, 25)), (64, datetime.datetime(2018, 6, 25, 14, 43, 33))]
[(65, datetime.datetime(2018, 6, 25, 14, 43, 34))]
[(66, datetime.datetime(2018, 6, 28, 12, 26, 22)), (66, datetime.datetime(2018, 6, 28, 10, 1, 25)), (66, datetime.datetime(2018, 6, 25, 14, 43, 34))]
[(67, datetime.datetime(2018, 6, 25, 14, 43, 34))]
[(68, datetime.datetime(2018, 6, 28, 12, 26, 21)), (68, datetime.datetime(2018, 6, 28, 10, 1, 25)), (68, datetime.datetime(2018, 6, 25, 14, 43, 34))]
[(69, datetime.datetime(2018, 6, 28, 12, 26, 21)), (69, datetime.datetime(2018, 6, 28, 10, 1, 25)), (69, datetime.datetime(2018, 6, 25, 14, 43, 34))]
[(70, datetime.datetime(2018, 6, 28, 12, 26, 26)), (70, datetime.datetime(2018, 6, 25, 14, 43, 39))]
[(71, datetime.datetime(2018, 6, 25, 14, 43, 34))]
[(72, datetime.datetime(2018, 6, 28, 12, 26, 26)), (72, datetime.datetime(2018, 6, 28, 10, 1, 29)), (72, datetime.datetime(2018, 6, 25, 14, 43, 34))]
[(73, datetime.datetime(2018, 6, 28, 10, 1, 29)), (73, datetime.datetime(2018, 6, 25, 14, 43, 34))]
[(74, datetime.datetime(2018, 6, 25, 14, 43, 35))]
[(75, datetime.datetime(2018, 6, 28, 12, 26, 21)), (75, datetime.datetime(2018, 6, 28, 10, 1, 25)), (75, datetime.datetime(2018, 6, 25, 14, 43, 34))]
[(76, datetime.datetime(2018, 6, 28, 12, 26, 21)), (76, datetime.datetime(2018, 6, 28, 10, 1, 25)), (76, datetime.datetime(2018, 6, 25, 14, 43, 34))]
[(77, datetime.datetime(2018, 6, 28, 10, 1, 29)), (77, datetime.datetime(2018, 6, 25, 14, 43, 35))]
[(78, datetime.datetime(2018, 6, 28, 12, 26, 22)), (78, datetime.datetime(2018, 6, 28, 10, 1, 25)), (78, datetime.datetime(2018, 6, 25, 14, 43, 34))]
[(79, datetime.datetime(2018, 6, 25, 14, 43, 34))]
[(80, datetime.datetime(2018, 6, 28, 12, 26, 22)), (80, datetime.datetime(2018, 6, 28, 10, 1, 25)), (80, datetime.datetime(2018, 6, 25, 14, 43, 34))]
[(81, datetime.datetime(2018, 6, 28, 12, 26, 23)), (81, datetime.datetime(2018, 6, 28, 10, 1, 26)), (81, datetime.datetime(2018, 6, 25, 14, 43, 35))]
[(82, datetime.datetime(2018, 6, 28, 12, 26, 23)), (82, datetime.datetime(2018, 6, 28, 10, 1, 26)), (82, datetime.datetime(2018, 6, 25, 14, 43, 35))]
[(83, datetime.datetime(2018, 6, 28, 12, 26, 25)), (83, datetime.datetime(2018, 6, 25, 14, 43, 35))]
[(84, datetime.datetime(2018, 6, 28, 12, 26, 26)), (84, datetime.datetime(2018, 6, 25, 14, 43, 35))]
[(85, datetime.datetime(2018, 6, 28, 12, 26, 23)), (85, datetime.datetime(2018, 6, 28, 10, 1, 26)), (85, datetime.datetime(2018, 6, 25, 14, 43, 35))]
[(86, datetime.datetime(2018, 6, 28, 12, 26, 23)), (86, datetime.datetime(2018, 6, 28, 10, 1, 26)), (86, datetime.datetime(2018, 6, 25, 14, 43, 35))]
[(87, datetime.datetime(2018, 6, 28, 12, 26, 23)), (87, datetime.datetime(2018, 6, 28, 10, 1, 26)), (87, datetime.datetime(2018, 6, 25, 14, 43, 35))]
[(88, datetime.datetime(2018, 6, 28, 12, 26, 23)), (88, datetime.datetime(2018, 6, 28, 10, 1, 26)), (88, datetime.datetime(2018, 6, 25, 14, 43, 35))]
[(89, datetime.datetime(2018, 6, 28, 10, 1, 26)), (89, datetime.datetime(2018, 6, 25, 14, 43, 35))]
[(90, datetime.datetime(2018, 6, 25, 14, 43, 35))]
[(91, datetime.datetime(2018, 6, 25, 14, 43, 35))]
[(92, datetime.datetime(2018, 6, 28, 12, 26, 22)), (92, datetime.datetime(2018, 6, 28, 10, 1, 26)), (92, datetime.datetime(2018, 6, 25, 14, 43, 35))]
[(93, datetime.datetime(2018, 6, 28, 12, 26, 23)), (93, datetime.datetime(2018, 6, 28, 10, 1, 27)), (93, datetime.datetime(2018, 6, 25, 14, 43, 35))]
[(94, datetime.datetime(2018, 6, 28, 12, 26, 21)), (94, datetime.datetime(2018, 6, 28, 10, 1, 25)), (94, datetime.datetime(2018, 6, 25, 14, 43, 35))]
[(95, datetime.datetime(2018, 6, 28, 12, 26, 23)), (95, datetime.datetime(2018, 6, 28, 10, 1, 26)), (95, datetime.datetime(2018, 6, 25, 14, 43, 35))]
[(97, datetime.datetime(2018, 6, 28, 12, 26, 24)), (97, datetime.datetime(2018, 6, 28, 10, 1, 27)), (97, datetime.datetime(2018, 6, 25, 14, 43, 37))]
[(98, datetime.datetime(2018, 6, 28, 12, 26, 23)), (98, datetime.datetime(2018, 6, 28, 10, 1, 26)), (98, datetime.datetime(2018, 6, 25, 14, 43, 36))]
[(100, datetime.datetime(2018, 6, 28, 12, 26, 22)), (100, datetime.datetime(2018, 6, 28, 10, 1, 27)), (100, datetime.datetime(2018, 6, 25, 14, 43, 36))]
[(101, datetime.datetime(2018, 6, 28, 12, 26, 24)), (101, datetime.datetime(2018, 6, 28, 10, 1, 27)), (101, datetime.datetime(2018, 6, 25, 14, 43, 36))]
[(102, datetime.datetime(2018, 6, 28, 12, 26, 24)), (102, datetime.datetime(2018, 6, 28, 10, 1, 27)), (102, datetime.datetime(2018, 6, 25, 14, 43, 36))]
[(103, datetime.datetime(2018, 6, 28, 12, 26, 23)), (103, datetime.datetime(2018, 6, 28, 10, 1, 27)), (103, datetime.datetime(2018, 6, 25, 14, 43, 36))]
[(104, datetime.datetime(2018, 6, 28, 12, 26, 23)), (104, datetime.datetime(2018, 6, 28, 10, 1, 27)), (104, datetime.datetime(2018, 6, 25, 14, 43, 36))]
[(105, datetime.datetime(2018, 6, 25, 14, 43, 38))]
[(106, datetime.datetime(2018, 6, 28, 12, 26, 22)), (106, datetime.datetime(2018, 6, 28, 10, 1, 26)), (106, datetime.datetime(2018, 6, 25, 14, 43, 36))]
[(107, datetime.datetime(2018, 6, 25, 14, 43, 36))]
[(108, datetime.datetime(2018, 6, 28, 12, 26, 24)), (108, datetime.datetime(2018, 6, 28, 10, 1, 28)), (108, datetime.datetime(2018, 6, 25, 14, 43, 37))]
[(110, datetime.datetime(2018, 6, 28, 12, 26, 23)), (110, datetime.datetime(2018, 6, 28, 10, 1, 27)), (110, datetime.datetime(2018, 6, 25, 14, 43, 36))]
[(111, datetime.datetime(2018, 6, 28, 12, 26, 24)), (111, datetime.datetime(2018, 6, 28, 10, 1, 27)), (111, datetime.datetime(2018, 6, 25, 14, 43, 36))]
[(112, datetime.datetime(2018, 6, 25, 14, 43, 36))]
[(113, datetime.datetime(2018, 6, 28, 12, 26, 24)), (113, datetime.datetime(2018, 6, 28, 10, 1, 27)), (113, datetime.datetime(2018, 6, 25, 14, 43, 36))]
[(114, datetime.datetime(2018, 6, 28, 12, 26, 24)), (114, datetime.datetime(2018, 6, 28, 10, 1, 27)), (114, datetime.datetime(2018, 6, 25, 14, 43, 37))]
[(115, datetime.datetime(2018, 6, 25, 14, 43, 36))]
[(116, datetime.datetime(2018, 6, 28, 12, 26, 25)), (116, datetime.datetime(2018, 6, 28, 10, 1, 27)), (116, datetime.datetime(2018, 6, 25, 14, 43, 38))]
[(117, datetime.datetime(2018, 6, 25, 14, 43, 37))]
[(118, datetime.datetime(2018, 6, 28, 12, 26, 24)), (118, datetime.datetime(2018, 6, 28, 10, 1, 28)), (118, datetime.datetime(2018, 6, 25, 14, 43, 38))]
[(119, datetime.datetime(2018, 6, 25, 14, 43, 36))]
[(120, datetime.datetime(2018, 6, 28, 12, 26, 23)), (120, datetime.datetime(2018, 6, 28, 10, 1, 26)), (120, datetime.datetime(2018, 6, 25, 14, 43, 36))]
[(121, datetime.datetime(2018, 6, 28, 12, 26, 23)), (121, datetime.datetime(2018, 6, 28, 10, 1, 27)), (121, datetime.datetime(2018, 6, 25, 14, 43, 36))]
[(122, datetime.datetime(2018, 6, 28, 12, 26, 24)), (122, datetime.datetime(2018, 6, 28, 10, 1, 27)), (122, datetime.datetime(2018, 6, 25, 14, 43, 37))]
[(123, datetime.datetime(2018, 6, 28, 12, 26, 24)), (123, datetime.datetime(2018, 6, 28, 10, 1, 27)), (123, datetime.datetime(2018, 6, 25, 14, 43, 37))]
[(124, datetime.datetime(2018, 6, 28, 12, 26, 24)), (124, datetime.datetime(2018, 6, 28, 10, 1, 27)), (124, datetime.datetime(2018, 6, 25, 14, 43, 37))]
[(125, datetime.datetime(2018, 6, 28, 12, 26, 23)), (125, datetime.datetime(2018, 6, 28, 10, 1, 27)), (125, datetime.datetime(2018, 6, 25, 14, 43, 37))]
[(126, datetime.datetime(2018, 6, 28, 12, 26, 26)), (126, datetime.datetime(2018, 6, 25, 14, 43, 37))]
[(127, datetime.datetime(2018, 6, 28, 10, 1, 29)), (127, datetime.datetime(2018, 6, 25, 14, 43, 37))]
[(128, datetime.datetime(2018, 6, 28, 12, 26, 26)), (128, datetime.datetime(2018, 6, 25, 14, 43, 37))]
[(129, datetime.datetime(2018, 6, 28, 12, 26, 24)), (129, datetime.datetime(2018, 6, 28, 10, 1, 27)), (129, datetime.datetime(2018, 6, 25, 14, 43, 37))]
[(130, datetime.datetime(2018, 6, 28, 12, 26, 24)), (130, datetime.datetime(2018, 6, 28, 10, 1, 27)), (130, datetime.datetime(2018, 6, 25, 14, 43, 37))]
[(131, datetime.datetime(2018, 6, 28, 12, 26, 24)), (131, datetime.datetime(2018, 6, 28, 10, 1, 27)), (131, datetime.datetime(2018, 6, 25, 14, 43, 37))]
[(132, datetime.datetime(2018, 6, 28, 12, 26, 26)), (132, datetime.datetime(2018, 6, 25, 14, 43, 37))]
[(133, datetime.datetime(2018, 6, 28, 12, 26, 24)), (133, datetime.datetime(2018, 6, 28, 10, 1, 27)), (133, datetime.datetime(2018, 6, 25, 14, 43, 37))]
[(134, datetime.datetime(2018, 6, 28, 12, 26, 24)), (134, datetime.datetime(2018, 6, 28, 10, 1, 27)), (134, datetime.datetime(2018, 6, 25, 14, 43, 37))]
[(135, datetime.datetime(2018, 6, 28, 12, 26, 24)), (135, datetime.datetime(2018, 6, 28, 10, 1, 27)), (135, datetime.datetime(2018, 6, 25, 14, 43, 37))]
[(136, datetime.datetime(2018, 6, 28, 10, 1, 27)), (136, datetime.datetime(2018, 6, 25, 14, 43, 38))]
[(137, datetime.datetime(2018, 6, 28, 12, 26, 26)), (137, datetime.datetime(2018, 6, 25, 14, 43, 38))]
[(138, datetime.datetime(2018, 6, 28, 12, 26, 24)), (138, datetime.datetime(2018, 6, 28, 10, 1, 27)), (138, datetime.datetime(2018, 6, 25, 14, 43, 38))]
[(139, datetime.datetime(2018, 6, 28, 12, 26, 25)), (139, datetime.datetime(2018, 6, 28, 10, 1, 27)), (139, datetime.datetime(2018, 6, 25, 14, 43, 38))]
[(140, datetime.datetime(2018, 6, 28, 12, 26, 24)), (140, datetime.datetime(2018, 6, 28, 10, 1, 27)), (140, datetime.datetime(2018, 6, 25, 14, 43, 38))]
[(141, datetime.datetime(2018, 6, 28, 12, 26, 24)), (141, datetime.datetime(2018, 6, 28, 10, 1, 27)), (141, datetime.datetime(2018, 6, 25, 14, 43, 38))]
[(142, datetime.datetime(2018, 6, 28, 12, 26, 26)), (142, datetime.datetime(2018, 6, 25, 14, 43, 38))]
[(143, datetime.datetime(2018, 6, 28, 12, 26, 24)), (143, datetime.datetime(2018, 6, 28, 10, 1, 27)), (143, datetime.datetime(2018, 6, 25, 14, 43, 38))]
[(144, datetime.datetime(2018, 6, 28, 12, 26, 24)), (144, datetime.datetime(2018, 6, 28, 10, 1, 28)), (144, datetime.datetime(2018, 6, 25, 14, 43, 38))]
[(145, datetime.datetime(2018, 6, 28, 12, 26, 25)), (145, datetime.datetime(2018, 6, 28, 10, 1, 28)), (145, datetime.datetime(2018, 6, 25, 14, 43, 38))]
[(146, datetime.datetime(2018, 6, 28, 12, 26, 26)), (146, datetime.datetime(2018, 6, 25, 14, 43, 38))]
[(147, datetime.datetime(2018, 6, 28, 12, 26, 26)), (147, datetime.datetime(2018, 6, 25, 14, 43, 39))]
[(148, datetime.datetime(2018, 6, 28, 12, 26, 24)), (148, datetime.datetime(2018, 6, 28, 10, 1, 28)), (148, datetime.datetime(2018, 6, 25, 14, 43, 38))]
[(149, datetime.datetime(2018, 6, 28, 12, 26, 24)), (149, datetime.datetime(2018, 6, 28, 10, 1, 28)), (149, datetime.datetime(2018, 6, 25, 14, 43, 38))]
[(150, datetime.datetime(2018, 6, 28, 12, 26, 26)), (150, datetime.datetime(2018, 6, 25, 14, 43, 38))]
[(151, datetime.datetime(2018, 6, 25, 14, 43, 38))]
[(152, datetime.datetime(2018, 6, 28, 12, 26, 24)), (152, datetime.datetime(2018, 6, 28, 10, 1, 28)), (152, datetime.datetime(2018, 6, 25, 14, 43, 39))]
[(153, datetime.datetime(2018, 6, 28, 12, 26, 24)), (153, datetime.datetime(2018, 6, 28, 10, 1, 28)), (153, datetime.datetime(2018, 6, 25, 14, 43, 39))]
[(154, datetime.datetime(2018, 6, 28, 12, 26, 24)), (154, datetime.datetime(2018, 6, 28, 10, 1, 28)), (154, datetime.datetime(2018, 6, 25, 14, 43, 39))]
[(155, datetime.datetime(2018, 6, 28, 12, 26, 24)), (155, datetime.datetime(2018, 6, 28, 10, 1, 28)), (155, datetime.datetime(2018, 6, 25, 14, 43, 39))]
[(156, datetime.datetime(2018, 6, 28, 12, 26, 24)), (156, datetime.datetime(2018, 6, 28, 10, 1, 28)), (156, datetime.datetime(2018, 6, 25, 14, 43, 39))]
[(157, datetime.datetime(2018, 6, 25, 14, 43, 39))]
[(158, datetime.datetime(2018, 6, 28, 12, 26, 26)), (158, datetime.datetime(2018, 6, 28, 10, 1, 28))]
[(159, datetime.datetime(2018, 6, 25, 14, 43, 39))]
[(160, datetime.datetime(2018, 6, 28, 12, 26, 24)), (160, datetime.datetime(2018, 6, 28, 10, 1, 28)), (160, datetime.datetime(2018, 6, 25, 14, 43, 39))]
[(161, datetime.datetime(2018, 6, 28, 12, 26, 25)), (161, datetime.datetime(2018, 6, 28, 10, 1, 27))]
[(162, datetime.datetime(2018, 6, 28, 12, 26, 24)), (162, datetime.datetime(2018, 6, 28, 10, 1, 28)), (162, datetime.datetime(2018, 6, 25, 14, 43, 39))]
[(163, datetime.datetime(2018, 6, 28, 12, 26, 24)), (163, datetime.datetime(2018, 6, 28, 10, 1, 28)), (163, datetime.datetime(2018, 6, 25, 14, 43, 39))]
[(164, datetime.datetime(2018, 6, 25, 14, 43, 39))]
[(165, datetime.datetime(2018, 6, 28, 12, 26, 24)), (165, datetime.datetime(2018, 6, 28, 10, 1, 28)), (165, datetime.datetime(2018, 6, 25, 14, 43, 39))]
[(166, datetime.datetime(2018, 6, 28, 12, 26, 24)), (166, datetime.datetime(2018, 6, 28, 10, 1, 28)), (166, datetime.datetime(2018, 6, 25, 14, 43, 39))]
[(167, datetime.datetime(2018, 6, 25, 14, 43, 39))]
[(168, datetime.datetime(2018, 6, 28, 12, 26, 24)), (168, datetime.datetime(2018, 6, 28, 10, 1, 28)), (168, datetime.datetime(2018, 6, 25, 14, 43, 39))]
[(169, datetime.datetime(2018, 6, 28, 12, 26, 24)), (169, datetime.datetime(2018, 6, 28, 10, 1, 28)), (169, datetime.datetime(2018, 6, 25, 14, 43, 39))]
[(170, datetime.datetime(2018, 6, 25, 14, 43, 39))]
[(171, datetime.datetime(2018, 6, 28, 12, 26, 24)), (171, datetime.datetime(2018, 6, 28, 10, 1, 28)), (171, datetime.datetime(2018, 6, 25, 14, 43, 39))]
[(172, datetime.datetime(2018, 6, 28, 12, 26, 24)), (172, datetime.datetime(2018, 6, 28, 10, 1, 28)), (172, datetime.datetime(2018, 6, 25, 14, 43, 39))]
[(173, datetime.datetime(2018, 6, 28, 12, 26, 24)), (173, datetime.datetime(2018, 6, 28, 10, 1, 28)), (173, datetime.datetime(2018, 6, 25, 14, 43, 39))]
[(174, datetime.datetime(2018, 6, 28, 10, 1, 28)), (174, datetime.datetime(2018, 6, 25, 14, 43, 39))]
[(175, datetime.datetime(2018, 6, 28, 12, 26, 24)), (175, datetime.datetime(2018, 6, 28, 10, 1, 28)), (175, datetime.datetime(2018, 6, 25, 14, 43, 39))]
[(176, datetime.datetime(2018, 6, 28, 12, 26, 24)), (176, datetime.datetime(2018, 6, 28, 10, 1, 28)), (176, datetime.datetime(2018, 6, 25, 14, 43, 39))]
[(177, datetime.datetime(2018, 6, 28, 10, 1, 27))]
[(178, datetime.datetime(2018, 6, 28, 10, 1, 27))]
[(179, datetime.datetime(2018, 6, 28, 12, 26, 25)), (179, datetime.datetime(2018, 6, 28, 10, 1, 27))]
[(180, datetime.datetime(2018, 6, 28, 12, 26, 25)), (180, datetime.datetime(2018, 6, 28, 10, 1, 27))]
[(181, datetime.datetime(2018, 6, 28, 12, 26, 24)), (181, datetime.datetime(2018, 6, 28, 10, 1, 27))]
[(182, datetime.datetime(2018, 6, 28, 12, 26, 24)), (182, datetime.datetime(2018, 6, 28, 10, 1, 27))]
[(183, datetime.datetime(2018, 6, 28, 12, 26, 25)), (183, datetime.datetime(2018, 6, 28, 10, 1, 27))]
[(184, datetime.datetime(2018, 6, 28, 10, 1, 27))]
[(185, datetime.datetime(2018, 6, 28, 12, 26, 25)), (185, datetime.datetime(2018, 6, 28, 10, 1, 27))]
[(186, datetime.datetime(2018, 6, 28, 12, 26, 24)), (186, datetime.datetime(2018, 6, 28, 10, 1, 27))]
[(187, datetime.datetime(2018, 6, 28, 10, 1, 27))]
[(188, datetime.datetime(2018, 6, 28, 12, 26, 25)), (188, datetime.datetime(2018, 6, 28, 10, 1, 27))]
[(189, datetime.datetime(2018, 6, 28, 12, 26, 25)), (189, datetime.datetime(2018, 6, 28, 10, 1, 27))]
[(190, datetime.datetime(2018, 6, 28, 12, 26, 24)), (190, datetime.datetime(2018, 6, 28, 10, 1, 27))]
[(191, datetime.datetime(2018, 6, 28, 12, 26, 24)), (191, datetime.datetime(2018, 6, 28, 10, 1, 27))]
[(192, datetime.datetime(2018, 6, 28, 12, 26, 26)), (192, datetime.datetime(2018, 6, 28, 10, 1, 28))]
[(193, datetime.datetime(2018, 6, 28, 12, 26, 26)), (193, datetime.datetime(2018, 6, 28, 10, 1, 28))]
[(194, datetime.datetime(2018, 6, 28, 10, 1, 28))]
[(195, datetime.datetime(2018, 6, 28, 10, 1, 29))]
[(196, datetime.datetime(2018, 6, 28, 10, 1, 29))]
[(197, datetime.datetime(2018, 6, 28, 10, 1, 29))]
[(198, datetime.datetime(2018, 6, 28, 10, 1, 29))]
[(199, datetime.datetime(2018, 6, 28, 12, 26, 26)), (199, datetime.datetime(2018, 6, 28, 10, 1, 29))]
[(200, datetime.datetime(2018, 6, 28, 12, 26, 26)), (200, datetime.datetime(2018, 6, 28, 10, 1, 29))]
[(201, datetime.datetime(2018, 6, 28, 10, 1, 29))]
